sku,date,daily_units
SKU_A,2023-01-01,22
SKU_A,2023-01-02,19
SKU_A,2023-01-03,23
SKU_A,2023-01-04,28
SKU_A,2023-01-05,19
SKU_A,2023-01-06,19
SKU_A,2023-01-07,28
SKU_A,2023-01-08,24
SKU_A,2023-01-09,18
SKU_A,2023-01-10,23
SKU_A,2023-01-11,18
SKU_A,2023-01-12,19
SKU_A,2023-01-13,22
SKU_A,2023-01-14,12
SKU_A,2023-01-15,13
SKU_A,2023-01-16,19
SKU_A,2023-01-17,16
SKU_A,2023-01-18,23
SKU_A,2023-01-19,17
SKU_A,2023-01-20,15
SKU_A,2023-01-21,29
SKU_A,2023-01-22,21
SKU_A,2023-01-23,23
SKU_A,2023-01-24,15
SKU_A,2023-01-25,20
SKU_A,2023-01-26,23
SKU_A,2023-01-27,17
SKU_A,2023-01-28,25
SKU_A,2023-01-29,20
SKU_A,2023-01-30,21
SKU_A,2023-01-31,20
SKU_A,2023-02-01,32
SKU_A,2023-02-02,23
SKU_A,2023-02-03,18
SKU_A,2023-02-04,27
SKU_A,2023-02-05,17
SKU_A,2023-02-06,25
SKU_A,2023-02-07,14
SKU_A,2023-02-08,17
SKU_A,2023-02-09,25
SKU_A,2023-02-10,27
SKU_A,2023-02-11,25
SKU_A,2023-02-12,23
SKU_A,2023-02-13,22
SKU_A,2023-02-14,17
SKU_A,2023-02-15,20
SKU_A,2023-02-16,22
SKU_A,2023-02-17,29
SKU_A,2023-02-18,26
SKU_A,2023-02-19,15
SKU_A,2023-02-20,26
SKU_A,2023-02-21,22
SKU_A,2023-02-22,21
SKU_A,2023-02-23,27
SKU_A,2023-02-24,30
SKU_A,2023-02-25,29
SKU_A,2023-02-26,20
SKU_A,2023-02-27,23
SKU_A,2023-02-28,26
SKU_A,2023-03-01,29
SKU_A,2023-03-02,22
SKU_A,2023-03-03,24
SKU_A,2023-03-04,19
SKU_A,2023-03-05,19
SKU_A,2023-03-06,29
SKU_A,2023-03-07,31
SKU_A,2023-03-08,24
SKU_A,2023-03-09,29
SKU_A,2023-03-10,26
SKU_A,2023-03-11,21
SKU_A,2023-03-12,26
SKU_A,2023-03-13,32
SKU_A,2023-03-14,24
SKU_A,2023-03-15,32
SKU_A,2023-03-16,11
SKU_A,2023-03-17,28
SKU_A,2023-03-18,25
SKU_A,2023-03-19,23
SKU_A,2023-03-20,24
SKU_A,2023-03-21,14
SKU_A,2023-03-22,23
SKU_A,2023-03-23,26
SKU_A,2023-03-24,31
SKU_A,2023-03-25,21
SKU_A,2023-03-26,20
SKU_A,2023-03-27,21
SKU_A,2023-03-28,28
SKU_A,2023-03-29,25
SKU_A,2023-03-30,21
SKU_A,2023-03-31,26
SKU_A,2023-04-01,24
SKU_A,2023-04-02,28
SKU_A,2023-04-03,19
SKU_A,2023-04-04,21
SKU_A,2023-04-05,21
SKU_A,2023-04-06,15
SKU_A,2023-04-07,24
SKU_A,2023-04-08,24
SKU_A,2023-04-09,22
SKU_A,2023-04-10,21
SKU_A,2023-04-11,15
SKU_A,2023-04-12,20
SKU_A,2023-04-13,20
SKU_A,2023-04-14,18
SKU_A,2023-04-15,21
SKU_A,2023-04-16,24
SKU_A,2023-04-17,31
SKU_A,2023-04-18,22
SKU_A,2023-04-19,23
SKU_A,2023-04-20,21
SKU_A,2023-04-21,11
SKU_A,2023-04-22,21
SKU_A,2023-04-23,21
SKU_A,2023-04-24,33
SKU_A,2023-04-25,20
SKU_A,2023-04-26,22
SKU_A,2023-04-27,20
SKU_A,2023-04-28,14
SKU_A,2023-04-29,26
SKU_A,2023-04-30,24
SKU_A,2023-05-01,24
SKU_A,2023-05-02,15
SKU_A,2023-05-03,26
SKU_A,2023-05-04,12
SKU_A,2023-05-05,22
SKU_A,2023-05-06,30
SKU_A,2023-05-07,14
SKU_A,2023-05-08,16
SKU_A,2023-05-09,19
SKU_A,2023-05-10,16
SKU_A,2023-05-11,11
SKU_A,2023-05-12,19
SKU_A,2023-05-13,13
SKU_A,2023-05-14,20
SKU_A,2023-05-15,13
SKU_A,2023-05-16,26
SKU_A,2023-05-17,14
SKU_A,2023-05-18,16
SKU_A,2023-05-19,22
SKU_A,2023-05-20,11
SKU_A,2023-05-21,18
SKU_A,2023-05-22,24
SKU_A,2023-05-23,9
SKU_A,2023-05-24,18
SKU_A,2023-05-25,18
SKU_A,2023-05-26,21
SKU_A,2023-05-27,10
SKU_A,2023-05-28,10
SKU_A,2023-05-29,19
SKU_A,2023-05-30,18
SKU_A,2023-05-31,17
SKU_A,2023-06-01,18
SKU_A,2023-06-02,13
SKU_A,2023-06-03,17
SKU_A,2023-06-04,17
SKU_A,2023-06-05,12
SKU_A,2023-06-06,25
SKU_A,2023-06-07,18
SKU_A,2023-06-08,10
SKU_A,2023-06-09,19
SKU_A,2023-06-10,10
SKU_A,2023-06-11,19
SKU_A,2023-06-12,21
SKU_A,2023-06-13,11
SKU_A,2023-06-14,20
SKU_A,2023-06-15,17
SKU_A,2023-06-16,19
SKU_A,2023-06-17,24
SKU_A,2023-06-18,14
SKU_A,2023-06-19,11
SKU_A,2023-06-20,10
SKU_A,2023-06-21,11
SKU_A,2023-06-22,14
SKU_A,2023-06-23,16
SKU_A,2023-06-24,16
SKU_A,2023-06-25,19
SKU_A,2023-06-26,15
SKU_A,2023-06-27,22
SKU_A,2023-06-28,13
SKU_A,2023-06-29,28
SKU_A,2023-06-30,18
SKU_A,2023-07-01,10
SKU_A,2023-07-02,9
SKU_A,2023-07-03,17
SKU_A,2023-07-04,13
SKU_A,2023-07-05,18
SKU_A,2023-07-06,17
SKU_A,2023-07-07,14
SKU_A,2023-07-08,10
SKU_A,2023-07-09,7
SKU_A,2023-07-10,12
SKU_A,2023-07-11,19
SKU_A,2023-07-12,16
SKU_A,2023-07-13,8
SKU_A,2023-07-14,16
SKU_A,2023-07-15,17
SKU_A,2023-07-16,10
SKU_A,2023-07-17,16
SKU_A,2023-07-18,15
SKU_A,2023-07-19,9
SKU_A,2023-07-20,17
SKU_A,2023-07-21,18
SKU_A,2023-07-22,21
SKU_A,2023-07-23,20
SKU_A,2023-07-24,8
SKU_A,2023-07-25,11
SKU_A,2023-07-26,18
SKU_A,2023-07-27,18
SKU_A,2023-07-28,18
SKU_A,2023-07-29,35
SKU_A,2023-07-30,19
SKU_A,2023-07-31,21
SKU_A,2023-08-01,21
SKU_A,2023-08-02,19
SKU_A,2023-08-03,14
SKU_A,2023-08-04,20
SKU_A,2023-08-05,12
SKU_A,2023-08-06,15
SKU_A,2023-08-07,14
SKU_A,2023-08-08,17
SKU_A,2023-08-09,28
SKU_A,2023-08-10,7
SKU_A,2023-08-11,20
SKU_A,2023-08-12,9
SKU_A,2023-08-13,15
SKU_A,2023-08-14,23
SKU_A,2023-08-15,18
SKU_A,2023-08-16,12
SKU_A,2023-08-17,14
SKU_A,2023-08-18,21
SKU_A,2023-08-19,14
SKU_A,2023-08-20,19
SKU_A,2023-08-21,18
SKU_A,2023-08-22,15
SKU_A,2023-08-23,29
SKU_A,2023-08-24,22
SKU_A,2023-08-25,8
SKU_A,2023-08-26,20
SKU_A,2023-08-27,16
SKU_A,2023-08-28,23
SKU_A,2023-08-29,15
SKU_A,2023-08-30,19
SKU_A,2023-08-31,22
SKU_A,2023-09-01,24
SKU_A,2023-09-02,14
SKU_A,2023-09-03,18
SKU_A,2023-09-04,17
SKU_A,2023-09-05,17
SKU_A,2023-09-06,29
SKU_A,2023-09-07,22
SKU_A,2023-09-08,14
SKU_A,2023-09-09,25
SKU_A,2023-09-10,31
SKU_A,2023-09-11,26
SKU_A,2023-09-12,13
SKU_A,2023-09-13,19
SKU_A,2023-09-14,27
SKU_A,2023-09-15,18
SKU_A,2023-09-16,24
SKU_A,2023-09-17,25
SKU_A,2023-09-18,17
SKU_A,2023-09-19,21
SKU_A,2023-09-20,6
SKU_A,2023-09-21,17
SKU_A,2023-09-22,21
SKU_A,2023-09-23,16
SKU_A,2023-09-24,30
SKU_A,2023-09-25,15
SKU_A,2023-09-26,20
SKU_A,2023-09-27,23
SKU_A,2023-09-28,30
SKU_A,2023-09-29,16
SKU_A,2023-09-30,29
SKU_A,2023-10-01,23
SKU_A,2023-10-02,18
SKU_A,2023-10-03,25
SKU_A,2023-10-04,24
SKU_A,2023-10-05,20
SKU_A,2023-10-06,24
SKU_A,2023-10-07,22
SKU_A,2023-10-08,24
SKU_A,2023-10-09,27
SKU_A,2023-10-10,32
SKU_A,2023-10-11,18
SKU_A,2023-10-12,35
SKU_A,2023-10-13,14
SKU_A,2023-10-14,23
SKU_A,2023-10-15,27
SKU_A,2023-10-16,25
SKU_A,2023-10-17,21
SKU_A,2023-10-18,23
SKU_A,2023-10-19,22
SKU_A,2023-10-20,21
SKU_A,2023-10-21,29
SKU_A,2023-10-22,26
SKU_A,2023-10-23,21
SKU_A,2023-10-24,29
SKU_A,2023-10-25,26
SKU_A,2023-10-26,29
SKU_A,2023-10-27,28
SKU_A,2023-10-28,20
SKU_A,2023-10-29,22
SKU_A,2023-10-30,28
SKU_A,2023-10-31,28
SKU_A,2023-11-01,24
SKU_A,2023-11-02,25
SKU_A,2023-11-03,31
SKU_A,2023-11-04,22
SKU_A,2023-11-05,27
SKU_A,2023-11-06,23
SKU_A,2023-11-07,23
SKU_A,2023-11-08,30
SKU_A,2023-11-09,29
SKU_A,2023-11-10,28
SKU_A,2023-11-11,31
SKU_A,2023-11-12,24
SKU_A,2023-11-13,28
SKU_A,2023-11-14,23
SKU_A,2023-11-15,26
SKU_A,2023-11-16,23
SKU_A,2023-11-17,25
SKU_A,2023-11-18,27
SKU_A,2023-11-19,20
SKU_A,2023-11-20,34
SKU_A,2023-11-21,19
SKU_A,2023-11-22,18
SKU_A,2023-11-23,30
SKU_A,2023-11-24,28
SKU_A,2023-11-25,27
SKU_A,2023-11-26,27
SKU_A,2023-11-27,23
SKU_A,2023-11-28,19
SKU_A,2023-11-29,24
SKU_A,2023-11-30,20
SKU_A,2023-12-01,28
SKU_A,2023-12-02,22
SKU_A,2023-12-03,19
SKU_A,2023-12-04,21
SKU_A,2023-12-05,25
SKU_A,2023-12-06,20
SKU_A,2023-12-07,18
SKU_A,2023-12-08,24
SKU_A,2023-12-09,24
SKU_A,2023-12-10,20
SKU_A,2023-12-11,20
SKU_A,2023-12-12,23
SKU_A,2023-12-13,15
SKU_A,2023-12-14,15
SKU_A,2023-12-15,18
SKU_A,2023-12-16,20
SKU_A,2023-12-17,23
SKU_A,2023-12-18,29
SKU_A,2023-12-19,25
SKU_A,2023-12-20,20
SKU_A,2023-12-21,21
SKU_A,2023-12-22,16
SKU_A,2023-12-23,21
SKU_A,2023-12-24,19
SKU_A,2023-12-25,22
SKU_A,2023-12-26,16
SKU_A,2023-12-27,23
SKU_A,2023-12-28,28
SKU_A,2023-12-29,19
SKU_A,2023-12-30,22
SKU_A,2023-12-31,23
SKU_A,2024-01-01,17
SKU_A,2024-01-02,20
SKU_A,2024-01-03,19
SKU_A,2024-01-04,20
SKU_A,2024-01-05,15
SKU_A,2024-01-06,19
SKU_A,2024-01-07,21
SKU_A,2024-01-08,26
SKU_A,2024-01-09,23
SKU_A,2024-01-10,29
SKU_A,2024-01-11,14
SKU_A,2024-01-12,22
SKU_A,2024-01-13,19
SKU_A,2024-01-14,29
SKU_A,2024-01-15,14
SKU_A,2024-01-16,13
SKU_A,2024-01-17,14
SKU_A,2024-01-18,7
SKU_A,2024-01-19,15
SKU_A,2024-01-20,13
SKU_A,2024-01-21,18
SKU_A,2024-01-22,19
SKU_A,2024-01-23,26
SKU_A,2024-01-24,21
SKU_A,2024-01-25,14
SKU_A,2024-01-26,12
SKU_A,2024-01-27,19
SKU_A,2024-01-28,10
SKU_A,2024-01-29,25
SKU_A,2024-01-30,22
SKU_A,2024-01-31,14
SKU_A,2024-02-01,7
SKU_A,2024-02-02,23
SKU_A,2024-02-03,15
SKU_A,2024-02-04,22
SKU_A,2024-02-05,8
SKU_A,2024-02-06,12
SKU_A,2024-02-07,15
SKU_A,2024-02-08,16
SKU_A,2024-02-09,13
SKU_A,2024-02-10,18
SKU_A,2024-02-11,10
SKU_A,2024-02-12,14
SKU_A,2024-02-13,16
SKU_A,2024-02-14,18
SKU_A,2024-02-15,18
SKU_A,2024-02-16,9
SKU_A,2024-02-17,7
SKU_A,2024-02-18,21
SKU_A,2024-02-19,16
SKU_A,2024-02-20,11
SKU_A,2024-02-21,22
SKU_A,2024-02-22,15
SKU_A,2024-02-23,20
SKU_A,2024-02-24,15
SKU_A,2024-02-25,25
SKU_A,2024-02-26,23
SKU_A,2024-02-27,13
SKU_A,2024-02-28,19
SKU_A,2024-02-29,18
SKU_A,2024-03-01,21
SKU_A,2024-03-02,10
SKU_A,2024-03-03,18
SKU_A,2024-03-04,20
SKU_A,2024-03-05,6
SKU_A,2024-03-06,9
SKU_A,2024-03-07,4
SKU_A,2024-03-08,13
SKU_A,2024-03-09,18
SKU_A,2024-03-10,22
SKU_A,2024-03-11,15
SKU_A,2024-03-12,23
SKU_A,2024-03-13,8
SKU_A,2024-03-14,6
SKU_A,2024-03-15,15
SKU_A,2024-03-16,17
SKU_A,2024-03-17,15
SKU_A,2024-03-18,5
SKU_A,2024-03-19,15
SKU_A,2024-03-20,9
SKU_A,2024-03-21,18
SKU_A,2024-03-22,17
SKU_A,2024-03-23,11
SKU_A,2024-03-24,13
SKU_A,2024-03-25,10
SKU_A,2024-03-26,15
SKU_A,2024-03-27,20
SKU_A,2024-03-28,11
SKU_A,2024-03-29,18
SKU_A,2024-03-30,13
SKU_A,2024-03-31,12
SKU_A,2024-04-01,15
SKU_A,2024-04-02,11
SKU_A,2024-04-03,13
SKU_A,2024-04-04,10
SKU_A,2024-04-05,26
SKU_A,2024-04-06,17
SKU_A,2024-04-07,13
SKU_A,2024-04-08,18
SKU_A,2024-04-09,16
SKU_A,2024-04-10,16
SKU_A,2024-04-11,20
SKU_A,2024-04-12,21
SKU_A,2024-04-13,15
SKU_A,2024-04-14,14
SKU_A,2024-04-15,16
SKU_A,2024-04-16,6
SKU_A,2024-04-17,10
SKU_A,2024-04-18,25
SKU_A,2024-04-19,26
SKU_A,2024-04-20,17
SKU_A,2024-04-21,21
SKU_A,2024-04-22,20
SKU_A,2024-04-23,34
SKU_A,2024-04-24,24
SKU_A,2024-04-25,18
SKU_A,2024-04-26,14
SKU_A,2024-04-27,11
SKU_A,2024-04-28,20
SKU_A,2024-04-29,15
SKU_A,2024-04-30,12
SKU_A,2024-05-01,16
SKU_A,2024-05-02,14
SKU_A,2024-05-03,28
SKU_A,2024-05-04,24
SKU_A,2024-05-05,20
SKU_A,2024-05-06,27
SKU_A,2024-05-07,21
SKU_A,2024-05-08,16
SKU_A,2024-05-09,28
SKU_A,2024-05-10,23
SKU_A,2024-05-11,16
SKU_A,2024-05-12,20
SKU_A,2024-05-13,17
SKU_A,2024-05-14,14
SKU_A,2024-05-15,26
SKU_A,2024-05-16,31
SKU_A,2024-05-17,14
SKU_A,2024-05-18,24
SKU_A,2024-05-19,18
SKU_A,2024-05-20,19
SKU_A,2024-05-21,19
SKU_A,2024-05-22,18
SKU_A,2024-05-23,22
SKU_A,2024-05-24,18
SKU_A,2024-05-25,24
SKU_A,2024-05-26,22
SKU_A,2024-05-27,21
SKU_A,2024-05-28,18
SKU_A,2024-05-29,20
SKU_A,2024-05-30,27
SKU_A,2024-05-31,25
SKU_A,2024-06-01,18
SKU_A,2024-06-02,24
SKU_A,2024-06-03,27
SKU_A,2024-06-04,15
SKU_A,2024-06-05,26
SKU_A,2024-06-06,20
SKU_A,2024-06-07,26
SKU_A,2024-06-08,20
SKU_A,2024-06-09,15
SKU_A,2024-06-10,16
SKU_A,2024-06-11,24
SKU_A,2024-06-12,25
SKU_A,2024-06-13,19
SKU_A,2024-06-14,27
SKU_A,2024-06-15,16
SKU_A,2024-06-16,24
SKU_A,2024-06-17,18
SKU_A,2024-06-18,21
SKU_A,2024-06-19,24
SKU_A,2024-06-20,20
SKU_A,2024-06-21,22
SKU_A,2024-06-22,29
SKU_A,2024-06-23,21
SKU_A,2024-06-24,29
SKU_A,2024-06-25,19
SKU_A,2024-06-26,27
SKU_A,2024-06-27,32
SKU_A,2024-06-28,12
SKU_A,2024-06-29,21
SKU_A,2024-06-30,27
SKU_A,2024-07-01,23
SKU_A,2024-07-02,26
SKU_A,2024-07-03,21
SKU_A,2024-07-04,25
SKU_A,2024-07-05,24
SKU_A,2024-07-06,30
SKU_A,2024-07-07,26
SKU_A,2024-07-08,26
SKU_A,2024-07-09,22
SKU_A,2024-07-10,22
SKU_A,2024-07-11,22
SKU_A,2024-07-12,26
SKU_A,2024-07-13,22
SKU_A,2024-07-14,26
SKU_A,2024-07-15,35
SKU_A,2024-07-16,29
SKU_A,2024-07-17,22
SKU_A,2024-07-18,30
SKU_A,2024-07-19,22
SKU_A,2024-07-20,14
SKU_A,2024-07-21,19
SKU_A,2024-07-22,14
SKU_A,2024-07-23,22
SKU_A,2024-07-24,24
SKU_A,2024-07-25,32
SKU_A,2024-07-26,25
SKU_A,2024-07-27,22
SKU_A,2024-07-28,28
SKU_A,2024-07-29,12
SKU_A,2024-07-30,24
SKU_A,2024-07-31,27
SKU_A,2024-08-01,16
SKU_A,2024-08-02,29
SKU_A,2024-08-03,25
SKU_A,2024-08-04,21
SKU_A,2024-08-05,26
SKU_A,2024-08-06,34
SKU_A,2024-08-07,23
SKU_A,2024-08-08,24
SKU_A,2024-08-09,20
SKU_A,2024-08-10,18
SKU_A,2024-08-11,26
SKU_A,2024-08-12,18
SKU_A,2024-08-13,22
SKU_A,2024-08-14,19
SKU_A,2024-08-15,24
SKU_A,2024-08-16,23
SKU_A,2024-08-17,26
SKU_A,2024-08-18,19
SKU_A,2024-08-19,20
SKU_A,2024-08-20,16
SKU_A,2024-08-21,19
SKU_A,2024-08-22,23
SKU_A,2024-08-23,24
SKU_A,2024-08-24,16
SKU_A,2024-08-25,25
SKU_A,2024-08-26,27
SKU_A,2024-08-27,22
SKU_A,2024-08-28,29
SKU_A,2024-08-29,16
SKU_A,2024-08-30,13
SKU_A,2024-08-31,11
SKU_A,2024-09-01,27
SKU_A,2024-09-02,23
SKU_A,2024-09-03,19
SKU_A,2024-09-04,20
SKU_A,2024-09-05,13
SKU_A,2024-09-06,31
SKU_A,2024-09-07,19
SKU_A,2024-09-08,19
SKU_A,2024-09-09,22
SKU_A,2024-09-10,21
SKU_A,2024-09-11,19
SKU_A,2024-09-12,14
SKU_A,2024-09-13,20
SKU_A,2024-09-14,27
SKU_A,2024-09-15,24
SKU_A,2024-09-16,25
SKU_A,2024-09-17,15
SKU_A,2024-09-18,12
SKU_A,2024-09-19,17
SKU_A,2024-09-20,17
SKU_A,2024-09-21,22
SKU_A,2024-09-22,8
SKU_A,2024-09-23,24
SKU_A,2024-09-24,16
SKU_A,2024-09-25,14
SKU_A,2024-09-26,11
SKU_A,2024-09-27,8
SKU_A,2024-09-28,20
SKU_A,2024-09-29,16
SKU_A,2024-09-30,10
SKU_A,2024-10-01,9
SKU_A,2024-10-02,14
SKU_A,2024-10-03,24
SKU_A,2024-10-04,14
SKU_A,2024-10-05,8
SKU_A,2024-10-06,14
SKU_A,2024-10-07,14
SKU_A,2024-10-08,2
SKU_A,2024-10-09,15
SKU_A,2024-10-10,14
SKU_A,2024-10-11,19
SKU_A,2024-10-12,24
SKU_A,2024-10-13,21
SKU_A,2024-10-14,14
SKU_A,2024-10-15,9
SKU_A,2024-10-16,28
SKU_A,2024-10-17,15
SKU_A,2024-10-18,15
SKU_A,2024-10-19,15
SKU_A,2024-10-20,16
SKU_A,2024-10-21,14
SKU_A,2024-10-22,12
SKU_A,2024-10-23,12
SKU_A,2024-10-24,14
SKU_A,2024-10-25,12
SKU_A,2024-10-26,11
SKU_A,2024-10-27,15
SKU_A,2024-10-28,13
SKU_A,2024-10-29,22
SKU_A,2024-10-30,1
SKU_A,2024-10-31,20
SKU_A,2024-11-01,21
SKU_A,2024-11-02,4
SKU_A,2024-11-03,13
SKU_A,2024-11-04,13
SKU_A,2024-11-05,8
SKU_A,2024-11-06,11
SKU_A,2024-11-07,9
SKU_A,2024-11-08,23
SKU_A,2024-11-09,19
SKU_A,2024-11-10,21
SKU_A,2024-11-11,18
SKU_A,2024-11-12,9
SKU_A,2024-11-13,12
SKU_A,2024-11-14,17
SKU_A,2024-11-15,9
SKU_A,2024-11-16,18
SKU_A,2024-11-17,14
SKU_A,2024-11-18,13
SKU_A,2024-11-19,19
SKU_A,2024-11-20,17
SKU_A,2024-11-21,13
SKU_A,2024-11-22,21
SKU_A,2024-11-23,10
SKU_A,2024-11-24,18
SKU_A,2024-11-25,18
SKU_A,2024-11-26,14
SKU_A,2024-11-27,17
SKU_A,2024-11-28,9
SKU_A,2024-11-29,20
SKU_A,2024-11-30,15
SKU_A,2024-12-01,13
SKU_A,2024-12-02,21
SKU_A,2024-12-03,13
SKU_A,2024-12-04,9
SKU_A,2024-12-05,9
SKU_A,2024-12-06,20
SKU_A,2024-12-07,10
SKU_A,2024-12-08,25
SKU_A,2024-12-09,6
SKU_A,2024-12-10,25
SKU_A,2024-12-11,18
SKU_A,2024-12-12,17
SKU_A,2024-12-13,15
SKU_A,2024-12-14,19
SKU_A,2024-12-15,17
SKU_A,2024-12-16,23
SKU_A,2024-12-17,18
SKU_A,2024-12-18,19
SKU_A,2024-12-19,16
SKU_A,2024-12-20,18
SKU_A,2024-12-21,20
SKU_A,2024-12-22,10
SKU_A,2024-12-23,12
SKU_A,2024-12-24,22
SKU_A,2024-12-25,20
SKU_A,2024-12-26,18
SKU_A,2024-12-27,19
SKU_A,2024-12-28,21
SKU_A,2024-12-29,17
SKU_A,2024-12-30,15
SKU_A,2024-12-31,20
SKU_B,2023-01-01,30
SKU_B,2023-01-02,37
SKU_B,2023-01-03,26
SKU_B,2023-01-04,40
SKU_B,2023-01-05,37
SKU_B,2023-01-06,36
SKU_B,2023-01-07,40
SKU_B,2023-01-08,44
SKU_B,2023-01-09,41
SKU_B,2023-01-10,26
SKU_B,2023-01-11,29
SKU_B,2023-01-12,33
SKU_B,2023-01-13,36
SKU_B,2023-01-14,39
SKU_B,2023-01-15,33
SKU_B,2023-01-16,37
SKU_B,2023-01-17,33
SKU_B,2023-01-18,34
SKU_B,2023-01-19,30
SKU_B,2023-01-20,32
SKU_B,2023-01-21,30
SKU_B,2023-01-22,32
SKU_B,2023-01-23,42
SKU_B,2023-01-24,33
SKU_B,2023-01-25,51
SKU_B,2023-01-26,40
SKU_B,2023-01-27,39
SKU_B,2023-01-28,33
SKU_B,2023-01-29,41
SKU_B,2023-01-30,35
SKU_B,2023-01-31,39
SKU_B,2023-02-01,51
SKU_B,2023-02-02,38
SKU_B,2023-02-03,44
SKU_B,2023-02-04,35
SKU_B,2023-02-05,38
SKU_B,2023-02-06,47
SKU_B,2023-02-07,35
SKU_B,2023-02-08,48
SKU_B,2023-02-09,42
SKU_B,2023-02-10,36
SKU_B,2023-02-11,42
SKU_B,2023-02-12,44
SKU_B,2023-02-13,42
SKU_B,2023-02-14,31
SKU_B,2023-02-15,35
SKU_B,2023-02-16,38
SKU_B,2023-02-17,39
SKU_B,2023-02-18,42
SKU_B,2023-02-19,40
SKU_B,2023-02-20,33
SKU_B,2023-02-21,41
SKU_B,2023-02-22,42
SKU_B,2023-02-23,42
SKU_B,2023-02-24,45
SKU_B,2023-02-25,44
SKU_B,2023-02-26,42
SKU_B,2023-02-27,39
SKU_B,2023-02-28,31
SKU_B,2023-03-01,42
SKU_B,2023-03-02,41
SKU_B,2023-03-03,41
SKU_B,2023-03-04,33
SKU_B,2023-03-05,34
SKU_B,2023-03-06,45
SKU_B,2023-03-07,39
SKU_B,2023-03-08,43
SKU_B,2023-03-09,40
SKU_B,2023-03-10,40
SKU_B,2023-03-11,44
SKU_B,2023-03-12,37
SKU_B,2023-03-13,40
SKU_B,2023-03-14,37
SKU_B,2023-03-15,37
SKU_B,2023-03-16,38
SKU_B,2023-03-17,40
SKU_B,2023-03-18,37
SKU_B,2023-03-19,45
SKU_B,2023-03-20,35
SKU_B,2023-03-21,38
SKU_B,2023-03-22,37
SKU_B,2023-03-23,46
SKU_B,2023-03-24,40
SKU_B,2023-03-25,44
SKU_B,2023-03-26,31
SKU_B,2023-03-27,40
SKU_B,2023-03-28,43
SKU_B,2023-03-29,39
SKU_B,2023-03-30,44
SKU_B,2023-03-31,36
SKU_B,2023-04-01,45
SKU_B,2023-04-02,50
SKU_B,2023-04-03,36
SKU_B,2023-04-04,36
SKU_B,2023-04-05,45
SKU_B,2023-04-06,46
SKU_B,2023-04-07,35
SKU_B,2023-04-08,35
SKU_B,2023-04-09,36
SKU_B,2023-04-10,31
SKU_B,2023-04-11,33
SKU_B,2023-04-12,32
SKU_B,2023-04-13,33
SKU_B,2023-04-14,37
SKU_B,2023-04-15,38
SKU_B,2023-04-16,44
SKU_B,2023-04-17,31
SKU_B,2023-04-18,41
SKU_B,2023-04-19,35
SKU_B,2023-04-20,36
SKU_B,2023-04-21,39
SKU_B,2023-04-22,30
SKU_B,2023-04-23,38
SKU_B,2023-04-24,36
SKU_B,2023-04-25,38
SKU_B,2023-04-26,37
SKU_B,2023-04-27,48
SKU_B,2023-04-28,32
SKU_B,2023-04-29,32
SKU_B,2023-04-30,32
SKU_B,2023-05-01,32
SKU_B,2023-05-02,31
SKU_B,2023-05-03,40
SKU_B,2023-05-04,41
SKU_B,2023-05-05,31
SKU_B,2023-05-06,30
SKU_B,2023-05-07,36
SKU_B,2023-05-08,31
SKU_B,2023-05-09,37
SKU_B,2023-05-10,35
SKU_B,2023-05-11,26
SKU_B,2023-05-12,41
SKU_B,2023-05-13,42
SKU_B,2023-05-14,30
SKU_B,2023-05-15,31
SKU_B,2023-05-16,34
SKU_B,2023-05-17,34
SKU_B,2023-05-18,36
SKU_B,2023-05-19,43
SKU_B,2023-05-20,31
SKU_B,2023-05-21,28
SKU_B,2023-05-22,25
SKU_B,2023-05-23,28
SKU_B,2023-05-24,32
SKU_B,2023-05-25,41
SKU_B,2023-05-26,29
SKU_B,2023-05-27,33
SKU_B,2023-05-28,31
SKU_B,2023-05-29,37
SKU_B,2023-05-30,44
SKU_B,2023-05-31,29
SKU_B,2023-06-01,29
SKU_B,2023-06-02,36
SKU_B,2023-06-03,34
SKU_B,2023-06-04,40
SKU_B,2023-06-05,34
SKU_B,2023-06-06,29
SKU_B,2023-06-07,33
SKU_B,2023-06-08,36
SKU_B,2023-06-09,34
SKU_B,2023-06-10,33
SKU_B,2023-06-11,36
SKU_B,2023-06-12,36
SKU_B,2023-06-13,37
SKU_B,2023-06-14,33
SKU_B,2023-06-15,29
SKU_B,2023-06-16,31
SKU_B,2023-06-17,36
SKU_B,2023-06-18,26
SKU_B,2023-06-19,32
SKU_B,2023-06-20,28
SKU_B,2023-06-21,30
SKU_B,2023-06-22,36
SKU_B,2023-06-23,31
SKU_B,2023-06-24,30
SKU_B,2023-06-25,23
SKU_B,2023-06-26,33
SKU_B,2023-06-27,33
SKU_B,2023-06-28,40
SKU_B,2023-06-29,28
SKU_B,2023-06-30,31
SKU_B,2023-07-01,31
SKU_B,2023-07-02,37
SKU_B,2023-07-03,29
SKU_B,2023-07-04,31
SKU_B,2023-07-05,33
SKU_B,2023-07-06,30
SKU_B,2023-07-07,27
SKU_B,2023-07-08,31
SKU_B,2023-07-09,35
SKU_B,2023-07-10,24
SKU_B,2023-07-11,30
SKU_B,2023-07-12,26
SKU_B,2023-07-13,36
SKU_B,2023-07-14,22
SKU_B,2023-07-15,27
SKU_B,2023-07-16,32
SKU_B,2023-07-17,38
SKU_B,2023-07-18,30
SKU_B,2023-07-19,27
SKU_B,2023-07-20,39
SKU_B,2023-07-21,23
SKU_B,2023-07-22,19
SKU_B,2023-07-23,32
SKU_B,2023-07-24,28
SKU_B,2023-07-25,25
SKU_B,2023-07-26,34
SKU_B,2023-07-27,32
SKU_B,2023-07-28,28
SKU_B,2023-07-29,24
SKU_B,2023-07-30,35
SKU_B,2023-07-31,34
SKU_B,2023-08-01,30
SKU_B,2023-08-02,40
SKU_B,2023-08-03,26
SKU_B,2023-08-04,24
SKU_B,2023-08-05,28
SKU_B,2023-08-06,31
SKU_B,2023-08-07,33
SKU_B,2023-08-08,30
SKU_B,2023-08-09,33
SKU_B,2023-08-10,26
SKU_B,2023-08-11,39
SKU_B,2023-08-12,32
SKU_B,2023-08-13,38
SKU_B,2023-08-14,34
SKU_B,2023-08-15,35
SKU_B,2023-08-16,35
SKU_B,2023-08-17,35
SKU_B,2023-08-18,36
SKU_B,2023-08-19,39
SKU_B,2023-08-20,34
SKU_B,2023-08-21,37
SKU_B,2023-08-22,33
SKU_B,2023-08-23,41
SKU_B,2023-08-24,30
SKU_B,2023-08-25,43
SKU_B,2023-08-26,33
SKU_B,2023-08-27,27
SKU_B,2023-08-28,35
SKU_B,2023-08-29,31
SKU_B,2023-08-30,38
SKU_B,2023-08-31,31
SKU_B,2023-09-01,32
SKU_B,2023-09-02,25
SKU_B,2023-09-03,32
SKU_B,2023-09-04,23
SKU_B,2023-09-05,27
SKU_B,2023-09-06,39
SKU_B,2023-09-07,39
SKU_B,2023-09-08,37
SKU_B,2023-09-09,31
SKU_B,2023-09-10,35
SKU_B,2023-09-11,36
SKU_B,2023-09-12,30
SKU_B,2023-09-13,44
SKU_B,2023-09-14,40
SKU_B,2023-09-15,35
SKU_B,2023-09-16,36
SKU_B,2023-09-17,38
SKU_B,2023-09-18,26
SKU_B,2023-09-19,35
SKU_B,2023-09-20,33
SKU_B,2023-09-21,32
SKU_B,2023-09-22,36
SKU_B,2023-09-23,46
SKU_B,2023-09-24,40
SKU_B,2023-09-25,35
SKU_B,2023-09-26,40
SKU_B,2023-09-27,45
SKU_B,2023-09-28,42
SKU_B,2023-09-29,38
SKU_B,2023-09-30,35
SKU_B,2023-10-01,41
SKU_B,2023-10-02,40
SKU_B,2023-10-03,43
SKU_B,2023-10-04,41
SKU_B,2023-10-05,44
SKU_B,2023-10-06,36
SKU_B,2023-10-07,45
SKU_B,2023-10-08,40
SKU_B,2023-10-09,49
SKU_B,2023-10-10,35
SKU_B,2023-10-11,47
SKU_B,2023-10-12,40
SKU_B,2023-10-13,36
SKU_B,2023-10-14,37
SKU_B,2023-10-15,37
SKU_B,2023-10-16,41
SKU_B,2023-10-17,42
SKU_B,2023-10-18,36
SKU_B,2023-10-19,39
SKU_B,2023-10-20,50
SKU_B,2023-10-21,48
SKU_B,2023-10-22,42
SKU_B,2023-10-23,40
SKU_B,2023-10-24,40
SKU_B,2023-10-25,42
SKU_B,2023-10-26,34
SKU_B,2023-10-27,38
SKU_B,2023-10-28,31
SKU_B,2023-10-29,41
SKU_B,2023-10-30,43
SKU_B,2023-10-31,37
SKU_B,2023-11-01,47
SKU_B,2023-11-02,33
SKU_B,2023-11-03,32
SKU_B,2023-11-04,41
SKU_B,2023-11-05,45
SKU_B,2023-11-06,48
SKU_B,2023-11-07,37
SKU_B,2023-11-08,45
SKU_B,2023-11-09,39
SKU_B,2023-11-10,39
SKU_B,2023-11-11,44
SKU_B,2023-11-12,43
SKU_B,2023-11-13,31
SKU_B,2023-11-14,47
SKU_B,2023-11-15,46
SKU_B,2023-11-16,36
SKU_B,2023-11-17,41
SKU_B,2023-11-18,42
SKU_B,2023-11-19,40
SKU_B,2023-11-20,36
SKU_B,2023-11-21,36
SKU_B,2023-11-22,39
SKU_B,2023-11-23,45
SKU_B,2023-11-24,41
SKU_B,2023-11-25,37
SKU_B,2023-11-26,42
SKU_B,2023-11-27,24
SKU_B,2023-11-28,44
SKU_B,2023-11-29,30
SKU_B,2023-11-30,36
SKU_B,2023-12-01,32
SKU_B,2023-12-02,32
SKU_B,2023-12-03,44
SKU_B,2023-12-04,35
SKU_B,2023-12-05,39
SKU_B,2023-12-06,37
SKU_B,2023-12-07,40
SKU_B,2023-12-08,38
SKU_B,2023-12-09,31
SKU_B,2023-12-10,42
SKU_B,2023-12-11,35
SKU_B,2023-12-12,29
SKU_B,2023-12-13,35
SKU_B,2023-12-14,44
SKU_B,2023-12-15,41
SKU_B,2023-12-16,35
SKU_B,2023-12-17,35
SKU_B,2023-12-18,35
SKU_B,2023-12-19,47
SKU_B,2023-12-20,38
SKU_B,2023-12-21,38
SKU_B,2023-12-22,41
SKU_B,2023-12-23,37
SKU_B,2023-12-24,34
SKU_B,2023-12-25,34
SKU_B,2023-12-26,35
SKU_B,2023-12-27,35
SKU_B,2023-12-28,39
SKU_B,2023-12-29,35
SKU_B,2023-12-30,38
SKU_B,2023-12-31,34
SKU_B,2024-01-01,35
SKU_B,2024-01-02,24
SKU_B,2024-01-03,39
SKU_B,2024-01-04,36
SKU_B,2024-01-05,39
SKU_B,2024-01-06,19
SKU_B,2024-01-07,44
SKU_B,2024-01-08,33
SKU_B,2024-01-09,39
SKU_B,2024-01-10,28
SKU_B,2024-01-11,36
SKU_B,2024-01-12,28
SKU_B,2024-01-13,30
SKU_B,2024-01-14,42
SKU_B,2024-01-15,32
SKU_B,2024-01-16,34
SKU_B,2024-01-17,37
SKU_B,2024-01-18,35
SKU_B,2024-01-19,33
SKU_B,2024-01-20,34
SKU_B,2024-01-21,44
SKU_B,2024-01-22,32
SKU_B,2024-01-23,33
SKU_B,2024-01-24,37
SKU_B,2024-01-25,37
SKU_B,2024-01-26,37
SKU_B,2024-01-27,35
SKU_B,2024-01-28,26
SKU_B,2024-01-29,39
SKU_B,2024-01-30,25
SKU_B,2024-01-31,33
SKU_B,2024-02-01,27
SKU_B,2024-02-02,31
SKU_B,2024-02-03,32
SKU_B,2024-02-04,32
SKU_B,2024-02-05,33
SKU_B,2024-02-06,39
SKU_B,2024-02-07,33
SKU_B,2024-02-08,29
SKU_B,2024-02-09,35
SKU_B,2024-02-10,36
SKU_B,2024-02-11,24
SKU_B,2024-02-12,33
SKU_B,2024-02-13,34
SKU_B,2024-02-14,28
SKU_B,2024-02-15,37
SKU_B,2024-02-16,29
SKU_B,2024-02-17,30
SKU_B,2024-02-18,29
SKU_B,2024-02-19,30
SKU_B,2024-02-20,24
SKU_B,2024-02-21,22
SKU_B,2024-02-22,38
SKU_B,2024-02-23,25
SKU_B,2024-02-24,25
SKU_B,2024-02-25,19
SKU_B,2024-02-26,26
SKU_B,2024-02-27,23
SKU_B,2024-02-28,38
SKU_B,2024-02-29,35
SKU_B,2024-03-01,26
SKU_B,2024-03-02,41
SKU_B,2024-03-03,34
SKU_B,2024-03-04,28
SKU_B,2024-03-05,17
SKU_B,2024-03-06,41
SKU_B,2024-03-07,23
SKU_B,2024-03-08,21
SKU_B,2024-03-09,35
SKU_B,2024-03-10,42
SKU_B,2024-03-11,37
SKU_B,2024-03-12,32
SKU_B,2024-03-13,33
SKU_B,2024-03-14,34
SKU_B,2024-03-15,34
SKU_B,2024-03-16,31
SKU_B,2024-03-17,30
SKU_B,2024-03-18,30
SKU_B,2024-03-19,26
SKU_B,2024-03-20,29
SKU_B,2024-03-21,22
SKU_B,2024-03-22,30
SKU_B,2024-03-23,25
SKU_B,2024-03-24,25
SKU_B,2024-03-25,31
SKU_B,2024-03-26,37
SKU_B,2024-03-27,35
SKU_B,2024-03-28,23
SKU_B,2024-03-29,26
SKU_B,2024-03-30,35
SKU_B,2024-03-31,26
SKU_B,2024-04-01,30
SKU_B,2024-04-02,34
SKU_B,2024-04-03,26
SKU_B,2024-04-04,32
SKU_B,2024-04-05,25
SKU_B,2024-04-06,28
SKU_B,2024-04-07,33
SKU_B,2024-04-08,24
SKU_B,2024-04-09,34
SKU_B,2024-04-10,32
SKU_B,2024-04-11,35
SKU_B,2024-04-12,33
SKU_B,2024-04-13,39
SKU_B,2024-04-14,33
SKU_B,2024-04-15,30
SKU_B,2024-04-16,33
SKU_B,2024-04-17,35
SKU_B,2024-04-18,33
SKU_B,2024-04-19,33
SKU_B,2024-04-20,30
SKU_B,2024-04-21,30
SKU_B,2024-04-22,26
SKU_B,2024-04-23,42
SKU_B,2024-04-24,27
SKU_B,2024-04-25,30
SKU_B,2024-04-26,30
SKU_B,2024-04-27,38
SKU_B,2024-04-28,33
SKU_B,2024-04-29,40
SKU_B,2024-04-30,31
SKU_B,2024-05-01,36
SKU_B,2024-05-02,30
SKU_B,2024-05-03,45
SKU_B,2024-05-04,29
SKU_B,2024-05-05,36
SKU_B,2024-05-06,38
SKU_B,2024-05-07,37
SKU_B,2024-05-08,34
SKU_B,2024-05-09,35
SKU_B,2024-05-10,36
SKU_B,2024-05-11,35
SKU_B,2024-05-12,41
SKU_B,2024-05-13,47
SKU_B,2024-05-14,33
SKU_B,2024-05-15,29
SKU_B,2024-05-16,36
SKU_B,2024-05-17,49
SKU_B,2024-05-18,33
SKU_B,2024-05-19,45
SKU_B,2024-05-20,45
SKU_B,2024-05-21,34
SKU_B,2024-05-22,40
SKU_B,2024-05-23,45
SKU_B,2024-05-24,35
SKU_B,2024-05-25,36
SKU_B,2024-05-26,35
SKU_B,2024-05-27,32
SKU_B,2024-05-28,34
SKU_B,2024-05-29,32
SKU_B,2024-05-30,38
SKU_B,2024-05-31,34
SKU_B,2024-06-01,39
SKU_B,2024-06-02,30
SKU_B,2024-06-03,40
SKU_B,2024-06-04,42
SKU_B,2024-06-05,28
SKU_B,2024-06-06,40
SKU_B,2024-06-07,45
SKU_B,2024-06-08,33
SKU_B,2024-06-09,47
SKU_B,2024-06-10,41
SKU_B,2024-06-11,35
SKU_B,2024-06-12,39
SKU_B,2024-06-13,42
SKU_B,2024-06-14,39
SKU_B,2024-06-15,42
SKU_B,2024-06-16,35
SKU_B,2024-06-17,40
SKU_B,2024-06-18,32
SKU_B,2024-06-19,39
SKU_B,2024-06-20,35
SKU_B,2024-06-21,36
SKU_B,2024-06-22,46
SKU_B,2024-06-23,45
SKU_B,2024-06-24,42
SKU_B,2024-06-25,34
SKU_B,2024-06-26,38
SKU_B,2024-06-27,46
SKU_B,2024-06-28,40
SKU_B,2024-06-29,51
SKU_B,2024-06-30,41
SKU_B,2024-07-01,40
SKU_B,2024-07-02,38
SKU_B,2024-07-03,40
SKU_B,2024-07-04,39
SKU_B,2024-07-05,43
SKU_B,2024-07-06,44
SKU_B,2024-07-07,36
SKU_B,2024-07-08,33
SKU_B,2024-07-09,30
SKU_B,2024-07-10,42
SKU_B,2024-07-11,34
SKU_B,2024-07-12,29
SKU_B,2024-07-13,41
SKU_B,2024-07-14,52
SKU_B,2024-07-15,39
SKU_B,2024-07-16,43
SKU_B,2024-07-17,40
SKU_B,2024-07-18,39
SKU_B,2024-07-19,44
SKU_B,2024-07-20,37
SKU_B,2024-07-21,40
SKU_B,2024-07-22,40
SKU_B,2024-07-23,35
SKU_B,2024-07-24,44
SKU_B,2024-07-25,38
SKU_B,2024-07-26,35
SKU_B,2024-07-27,41
SKU_B,2024-07-28,34
SKU_B,2024-07-29,38
SKU_B,2024-07-30,38
SKU_B,2024-07-31,44
SKU_B,2024-08-01,40
SKU_B,2024-08-02,38
SKU_B,2024-08-03,42
SKU_B,2024-08-04,45
SKU_B,2024-08-05,40
SKU_B,2024-08-06,38
SKU_B,2024-08-07,31
SKU_B,2024-08-08,32
SKU_B,2024-08-09,36
SKU_B,2024-08-10,34
SKU_B,2024-08-11,36
SKU_B,2024-08-12,37
SKU_B,2024-08-13,39
SKU_B,2024-08-14,36
SKU_B,2024-08-15,39
SKU_B,2024-08-16,37
SKU_B,2024-08-17,26
SKU_B,2024-08-18,31
SKU_B,2024-08-19,35
SKU_B,2024-08-20,30
SKU_B,2024-08-21,39
SKU_B,2024-08-22,43
SKU_B,2024-08-23,42
SKU_B,2024-08-24,34
SKU_B,2024-08-25,43
SKU_B,2024-08-26,36
SKU_B,2024-08-27,33
SKU_B,2024-08-28,32
SKU_B,2024-08-29,33
SKU_B,2024-08-30,33
SKU_B,2024-08-31,35
SKU_B,2024-09-01,35
SKU_B,2024-09-02,34
SKU_B,2024-09-03,36
SKU_B,2024-09-04,40
SKU_B,2024-09-05,39
SKU_B,2024-09-06,26
SKU_B,2024-09-07,21
SKU_B,2024-09-08,38
SKU_B,2024-09-09,27
SKU_B,2024-09-10,32
SKU_B,2024-09-11,27
SKU_B,2024-09-12,24
SKU_B,2024-09-13,36
SKU_B,2024-09-14,37
SKU_B,2024-09-15,30
SKU_B,2024-09-16,20
SKU_B,2024-09-17,30
SKU_B,2024-09-18,34
SKU_B,2024-09-19,25
SKU_B,2024-09-20,33
SKU_B,2024-09-21,32
SKU_B,2024-09-22,35
SKU_B,2024-09-23,32
SKU_B,2024-09-24,27
SKU_B,2024-09-25,38
SKU_B,2024-09-26,31
SKU_B,2024-09-27,31
SKU_B,2024-09-28,27
SKU_B,2024-09-29,29
SKU_B,2024-09-30,27
SKU_B,2024-10-01,30
SKU_B,2024-10-02,39
SKU_B,2024-10-03,24
SKU_B,2024-10-04,23
SKU_B,2024-10-05,38
SKU_B,2024-10-06,29
SKU_B,2024-10-07,27
SKU_B,2024-10-08,36
SKU_B,2024-10-09,27
SKU_B,2024-10-10,39
SKU_B,2024-10-11,34
SKU_B,2024-10-12,28
SKU_B,2024-10-13,41
SKU_B,2024-10-14,27
SKU_B,2024-10-15,34
SKU_B,2024-10-16,31
SKU_B,2024-10-17,36
SKU_B,2024-10-18,38
SKU_B,2024-10-19,30
SKU_B,2024-10-20,26
SKU_B,2024-10-21,32
SKU_B,2024-10-22,26
SKU_B,2024-10-23,40
SKU_B,2024-10-24,30
SKU_B,2024-10-25,28
SKU_B,2024-10-26,30
SKU_B,2024-10-27,23
SKU_B,2024-10-28,25
SKU_B,2024-10-29,36
SKU_B,2024-10-30,26
SKU_B,2024-10-31,24
SKU_B,2024-11-01,32
SKU_B,2024-11-02,35
SKU_B,2024-11-03,33
SKU_B,2024-11-04,35
SKU_B,2024-11-05,26
SKU_B,2024-11-06,22
SKU_B,2024-11-07,37
SKU_B,2024-11-08,28
SKU_B,2024-11-09,28
SKU_B,2024-11-10,36
SKU_B,2024-11-11,32
SKU_B,2024-11-12,32
SKU_B,2024-11-13,41
SKU_B,2024-11-14,27
SKU_B,2024-11-15,35
SKU_B,2024-11-16,30
SKU_B,2024-11-17,31
SKU_B,2024-11-18,38
SKU_B,2024-11-19,33
SKU_B,2024-11-20,33
SKU_B,2024-11-21,36
SKU_B,2024-11-22,28
SKU_B,2024-11-23,26
SKU_B,2024-11-24,25
SKU_B,2024-11-25,21
SKU_B,2024-11-26,41
SKU_B,2024-11-27,25
SKU_B,2024-11-28,30
SKU_B,2024-11-29,29
SKU_B,2024-11-30,32
SKU_B,2024-12-01,35
SKU_B,2024-12-02,35
SKU_B,2024-12-03,28
SKU_B,2024-12-04,30
SKU_B,2024-12-05,33
SKU_B,2024-12-06,30
SKU_B,2024-12-07,40
SKU_B,2024-12-08,34
SKU_B,2024-12-09,35
SKU_B,2024-12-10,35
SKU_B,2024-12-11,38
SKU_B,2024-12-12,33
SKU_B,2024-12-13,26
SKU_B,2024-12-14,34
SKU_B,2024-12-15,29
SKU_B,2024-12-16,30
SKU_B,2024-12-17,36
SKU_B,2024-12-18,39
SKU_B,2024-12-19,33
SKU_B,2024-12-20,35
SKU_B,2024-12-21,42
SKU_B,2024-12-22,35
SKU_B,2024-12-23,46
SKU_B,2024-12-24,36
SKU_B,2024-12-25,25
SKU_B,2024-12-26,38
SKU_B,2024-12-27,36
SKU_B,2024-12-28,41
SKU_B,2024-12-29,38
SKU_B,2024-12-30,34
SKU_B,2024-12-31,28
SKU_C,2023-01-01,48
SKU_C,2023-01-02,45
SKU_C,2023-01-03,47
SKU_C,2023-01-04,53
SKU_C,2023-01-05,58
SKU_C,2023-01-06,52
SKU_C,2023-01-07,44
SKU_C,2023-01-08,53
SKU_C,2023-01-09,57
SKU_C,2023-01-10,48
SKU_C,2023-01-11,50
SKU_C,2023-01-12,51
SKU_C,2023-01-13,47
SKU_C,2023-01-14,54
SKU_C,2023-01-15,51
SKU_C,2023-01-16,53
SKU_C,2023-01-17,47
SKU_C,2023-01-18,49
SKU_C,2023-01-19,55
SKU_C,2023-01-20,50
SKU_C,2023-01-21,61
SKU_C,2023-01-22,50
SKU_C,2023-01-23,53
SKU_C,2023-01-24,57
SKU_C,2023-01-25,45
SKU_C,2023-01-26,44
SKU_C,2023-01-27,45
SKU_C,2023-01-28,59
SKU_C,2023-01-29,50
SKU_C,2023-01-30,66
SKU_C,2023-01-31,50
SKU_C,2023-02-01,54
SKU_C,2023-02-02,61
SKU_C,2023-02-03,63
SKU_C,2023-02-04,64
SKU_C,2023-02-05,59
SKU_C,2023-02-06,59
SKU_C,2023-02-07,57
SKU_C,2023-02-08,58
SKU_C,2023-02-09,51
SKU_C,2023-02-10,50
SKU_C,2023-02-11,54
SKU_C,2023-02-12,53
SKU_C,2023-02-13,52
SKU_C,2023-02-14,58
SKU_C,2023-02-15,59
SKU_C,2023-02-16,55
SKU_C,2023-02-17,62
SKU_C,2023-02-18,49
SKU_C,2023-02-19,53
SKU_C,2023-02-20,51
SKU_C,2023-02-21,45
SKU_C,2023-02-22,54
SKU_C,2023-02-23,54
SKU_C,2023-02-24,62
SKU_C,2023-02-25,58
SKU_C,2023-02-26,49
SKU_C,2023-02-27,64
SKU_C,2023-02-28,61
SKU_C,2023-03-01,57
SKU_C,2023-03-02,53
SKU_C,2023-03-03,50
SKU_C,2023-03-04,53
SKU_C,2023-03-05,60
SKU_C,2023-03-06,64
SKU_C,2023-03-07,62
SKU_C,2023-03-08,52
SKU_C,2023-03-09,49
SKU_C,2023-03-10,55
SKU_C,2023-03-11,46
SKU_C,2023-03-12,56
SKU_C,2023-03-13,54
SKU_C,2023-03-14,52
SKU_C,2023-03-15,46
SKU_C,2023-03-16,57
SKU_C,2023-03-17,52
SKU_C,2023-03-18,48
SKU_C,2023-03-19,40
SKU_C,2023-03-20,54
SKU_C,2023-03-21,63
SKU_C,2023-03-22,62
SKU_C,2023-03-23,52
SKU_C,2023-03-24,51
SKU_C,2023-03-25,56
SKU_C,2023-03-26,49
SKU_C,2023-03-27,55
SKU_C,2023-03-28,57
SKU_C,2023-03-29,60
SKU_C,2023-03-30,53
SKU_C,2023-03-31,52
SKU_C,2023-04-01,49
SKU_C,2023-04-02,49
SKU_C,2023-04-03,52
SKU_C,2023-04-04,55
SKU_C,2023-04-05,57
SKU_C,2023-04-06,49
SKU_C,2023-04-07,60
SKU_C,2023-04-08,51
SKU_C,2023-04-09,52
SKU_C,2023-04-10,49
SKU_C,2023-04-11,40
SKU_C,2023-04-12,56
SKU_C,2023-04-13,56
SKU_C,2023-04-14,50
SKU_C,2023-04-15,52
SKU_C,2023-04-16,54
SKU_C,2023-04-17,44
SKU_C,2023-04-18,49
SKU_C,2023-04-19,55
SKU_C,2023-04-20,45
SKU_C,2023-04-21,52
SKU_C,2023-04-22,44
SKU_C,2023-04-23,53
SKU_C,2023-04-24,50
SKU_C,2023-04-25,42
SKU_C,2023-04-26,56
SKU_C,2023-04-27,47
SKU_C,2023-04-28,46
SKU_C,2023-04-29,51
SKU_C,2023-04-30,56
SKU_C,2023-05-01,45
SKU_C,2023-05-02,50
SKU_C,2023-05-03,52
SKU_C,2023-05-04,53
SKU_C,2023-05-05,50
SKU_C,2023-05-06,47
SKU_C,2023-05-07,45
SKU_C,2023-05-08,49
SKU_C,2023-05-09,43
SKU_C,2023-05-10,34
SKU_C,2023-05-11,51
SKU_C,2023-05-12,53
SKU_C,2023-05-13,36
SKU_C,2023-05-14,43
SKU_C,2023-05-15,51
SKU_C,2023-05-16,58
SKU_C,2023-05-17,48
SKU_C,2023-05-18,44
SKU_C,2023-05-19,47
SKU_C,2023-05-20,54
SKU_C,2023-05-21,44
SKU_C,2023-05-22,43
SKU_C,2023-05-23,45
SKU_C,2023-05-24,42
SKU_C,2023-05-25,47
SKU_C,2023-05-26,55
SKU_C,2023-05-27,48
SKU_C,2023-05-28,45
SKU_C,2023-05-29,45
SKU_C,2023-05-30,38
SKU_C,2023-05-31,51
SKU_C,2023-06-01,46
SKU_C,2023-06-02,45
SKU_C,2023-06-03,62
SKU_C,2023-06-04,47
SKU_C,2023-06-05,42
SKU_C,2023-06-06,43
SKU_C,2023-06-07,51
SKU_C,2023-06-08,46
SKU_C,2023-06-09,38
SKU_C,2023-06-10,50
SKU_C,2023-06-11,42
SKU_C,2023-06-12,55
SKU_C,2023-06-13,51
SKU_C,2023-06-14,43
SKU_C,2023-06-15,51
SKU_C,2023-06-16,45
SKU_C,2023-06-17,49
SKU_C,2023-06-18,47
SKU_C,2023-06-19,41
SKU_C,2023-06-20,42
SKU_C,2023-06-21,50
SKU_C,2023-06-22,43
SKU_C,2023-06-23,43
SKU_C,2023-06-24,40
SKU_C,2023-06-25,47
SKU_C,2023-06-26,55
SKU_C,2023-06-27,39
SKU_C,2023-06-28,45
SKU_C,2023-06-29,52
SKU_C,2023-06-30,44
SKU_C,2023-07-01,47
SKU_C,2023-07-02,39
SKU_C,2023-07-03,47
SKU_C,2023-07-04,44
SKU_C,2023-07-05,49
SKU_C,2023-07-06,50
SKU_C,2023-07-07,57
SKU_C,2023-07-08,47
SKU_C,2023-07-09,46
SKU_C,2023-07-10,46
SKU_C,2023-07-11,43
SKU_C,2023-07-12,46
SKU_C,2023-07-13,43
SKU_C,2023-07-14,46
SKU_C,2023-07-15,51
SKU_C,2023-07-16,40
SKU_C,2023-07-17,51
SKU_C,2023-07-18,51
SKU_C,2023-07-19,44
SKU_C,2023-07-20,34
SKU_C,2023-07-21,42
SKU_C,2023-07-22,52
SKU_C,2023-07-23,45
SKU_C,2023-07-24,40
SKU_C,2023-07-25,43
SKU_C,2023-07-26,50
SKU_C,2023-07-27,48
SKU_C,2023-07-28,44
SKU_C,2023-07-29,44
SKU_C,2023-07-30,44
SKU_C,2023-07-31,41
SKU_C,2023-08-01,54
SKU_C,2023-08-02,44
SKU_C,2023-08-03,52
SKU_C,2023-08-04,54
SKU_C,2023-08-05,51
SKU_C,2023-08-06,44
SKU_C,2023-08-07,48
SKU_C,2023-08-08,46
SKU_C,2023-08-09,42
SKU_C,2023-08-10,48
SKU_C,2023-08-11,41
SKU_C,2023-08-12,53
SKU_C,2023-08-13,45
SKU_C,2023-08-14,48
SKU_C,2023-08-15,49
SKU_C,2023-08-16,46
SKU_C,2023-08-17,51
SKU_C,2023-08-18,45
SKU_C,2023-08-19,52
SKU_C,2023-08-20,41
SKU_C,2023-08-21,49
SKU_C,2023-08-22,58
SKU_C,2023-08-23,43
SKU_C,2023-08-24,45
SKU_C,2023-08-25,51
SKU_C,2023-08-26,50
SKU_C,2023-08-27,51
SKU_C,2023-08-28,51
SKU_C,2023-08-29,52
SKU_C,2023-08-30,55
SKU_C,2023-08-31,51
SKU_C,2023-09-01,48
SKU_C,2023-09-02,53
SKU_C,2023-09-03,59
SKU_C,2023-09-04,49
SKU_C,2023-09-05,45
SKU_C,2023-09-06,56
SKU_C,2023-09-07,50
SKU_C,2023-09-08,39
SKU_C,2023-09-09,55
SKU_C,2023-09-10,48
SKU_C,2023-09-11,50
SKU_C,2023-09-12,53
SKU_C,2023-09-13,52
SKU_C,2023-09-14,55
SKU_C,2023-09-15,49
SKU_C,2023-09-16,54
SKU_C,2023-09-17,50
SKU_C,2023-09-18,55
SKU_C,2023-09-19,55
SKU_C,2023-09-20,47
SKU_C,2023-09-21,57
SKU_C,2023-09-22,49
SKU_C,2023-09-23,56
SKU_C,2023-09-24,54
SKU_C,2023-09-25,62
SKU_C,2023-09-26,51
SKU_C,2023-09-27,51
SKU_C,2023-09-28,53
SKU_C,2023-09-29,51
SKU_C,2023-09-30,57
SKU_C,2023-10-01,45
SKU_C,2023-10-02,48
SKU_C,2023-10-03,48
SKU_C,2023-10-04,58
SKU_C,2023-10-05,62
SKU_C,2023-10-06,53
SKU_C,2023-10-07,53
SKU_C,2023-10-08,54
SKU_C,2023-10-09,59
SKU_C,2023-10-10,49
SKU_C,2023-10-11,55
SKU_C,2023-10-12,59
SKU_C,2023-10-13,56
SKU_C,2023-10-14,55
SKU_C,2023-10-15,59
SKU_C,2023-10-16,41
SKU_C,2023-10-17,58
SKU_C,2023-10-18,51
SKU_C,2023-10-19,45
SKU_C,2023-10-20,57
SKU_C,2023-10-21,61
SKU_C,2023-10-22,54
SKU_C,2023-10-23,59
SKU_C,2023-10-24,62
SKU_C,2023-10-25,61
SKU_C,2023-10-26,63
SKU_C,2023-10-27,58
SKU_C,2023-10-28,55
SKU_C,2023-10-29,46
SKU_C,2023-10-30,53
SKU_C,2023-10-31,50
SKU_C,2023-11-01,65
SKU_C,2023-11-02,54
SKU_C,2023-11-03,55
SKU_C,2023-11-04,57
SKU_C,2023-11-05,55
SKU_C,2023-11-06,63
SKU_C,2023-11-07,51
SKU_C,2023-11-08,55
SKU_C,2023-11-09,51
SKU_C,2023-11-10,48
SKU_C,2023-11-11,51
SKU_C,2023-11-12,54
SKU_C,2023-11-13,52
SKU_C,2023-11-14,51
SKU_C,2023-11-15,47
SKU_C,2023-11-16,54
SKU_C,2023-11-17,47
SKU_C,2023-11-18,58
SKU_C,2023-11-19,54
SKU_C,2023-11-20,47
SKU_C,2023-11-21,52
SKU_C,2023-11-22,50
SKU_C,2023-11-23,55
SKU_C,2023-11-24,60
SKU_C,2023-11-25,44
SKU_C,2023-11-26,54
SKU_C,2023-11-27,53
SKU_C,2023-11-28,57
SKU_C,2023-11-29,54
SKU_C,2023-11-30,49
SKU_C,2023-12-01,51
SKU_C,2023-12-02,49
SKU_C,2023-12-03,58
SKU_C,2023-12-04,53
SKU_C,2023-12-05,62
SKU_C,2023-12-06,52
SKU_C,2023-12-07,49
SKU_C,2023-12-08,45
SKU_C,2023-12-09,43
SKU_C,2023-12-10,44
SKU_C,2023-12-11,53
SKU_C,2023-12-12,55
SKU_C,2023-12-13,44
SKU_C,2023-12-14,56
SKU_C,2023-12-15,49
SKU_C,2023-12-16,52
SKU_C,2023-12-17,59
SKU_C,2023-12-18,56
SKU_C,2023-12-19,50
SKU_C,2023-12-20,47
SKU_C,2023-12-21,40
SKU_C,2023-12-22,47
SKU_C,2023-12-23,50
SKU_C,2023-12-24,46
SKU_C,2023-12-25,50
SKU_C,2023-12-26,51
SKU_C,2023-12-27,49
SKU_C,2023-12-28,47
SKU_C,2023-12-29,51
SKU_C,2023-12-30,52
SKU_C,2023-12-31,44
SKU_C,2024-01-01,57
SKU_C,2024-01-02,49
SKU_C,2024-01-03,49
SKU_C,2024-01-04,53
SKU_C,2024-01-05,50
SKU_C,2024-01-06,54
SKU_C,2024-01-07,50
SKU_C,2024-01-08,46
SKU_C,2024-01-09,50
SKU_C,2024-01-10,43
SKU_C,2024-01-11,49
SKU_C,2024-01-12,48
SKU_C,2024-01-13,47
SKU_C,2024-01-14,47
SKU_C,2024-01-15,38
SKU_C,2024-01-16,45
SKU_C,2024-01-17,48
SKU_C,2024-01-18,48
SKU_C,2024-01-19,42
SKU_C,2024-01-20,53
SKU_C,2024-01-21,43
SKU_C,2024-01-22,52
SKU_C,2024-01-23,49
SKU_C,2024-01-24,43
SKU_C,2024-01-25,55
SKU_C,2024-01-26,41
SKU_C,2024-01-27,51
SKU_C,2024-01-28,51
SKU_C,2024-01-29,43
SKU_C,2024-01-30,53
SKU_C,2024-01-31,45
SKU_C,2024-02-01,47
SKU_C,2024-02-02,47
SKU_C,2024-02-03,45
SKU_C,2024-02-04,50
SKU_C,2024-02-05,50
SKU_C,2024-02-06,37
SKU_C,2024-02-07,52
SKU_C,2024-02-08,37
SKU_C,2024-02-09,50
SKU_C,2024-02-10,51
SKU_C,2024-02-11,40
SKU_C,2024-02-12,43
SKU_C,2024-02-13,39
SKU_C,2024-02-14,44
SKU_C,2024-02-15,43
SKU_C,2024-02-16,49
SKU_C,2024-02-17,51
SKU_C,2024-02-18,52
SKU_C,2024-02-19,42
SKU_C,2024-02-20,44
SKU_C,2024-02-21,36
SKU_C,2024-02-22,41
SKU_C,2024-02-23,49
SKU_C,2024-02-24,53
SKU_C,2024-02-25,38
SKU_C,2024-02-26,42
SKU_C,2024-02-27,44
SKU_C,2024-02-28,46
SKU_C,2024-02-29,40
SKU_C,2024-03-01,47
SKU_C,2024-03-02,42
SKU_C,2024-03-03,44
SKU_C,2024-03-04,47
SKU_C,2024-03-05,45
SKU_C,2024-03-06,42
SKU_C,2024-03-07,44
SKU_C,2024-03-08,44
SKU_C,2024-03-09,43
SKU_C,2024-03-10,43
SKU_C,2024-03-11,53
SKU_C,2024-03-12,47
SKU_C,2024-03-13,43
SKU_C,2024-03-14,48
SKU_C,2024-03-15,43
SKU_C,2024-03-16,51
SKU_C,2024-03-17,47
SKU_C,2024-03-18,44
SKU_C,2024-03-19,47
SKU_C,2024-03-20,37
SKU_C,2024-03-21,39
SKU_C,2024-03-22,39
SKU_C,2024-03-23,46
SKU_C,2024-03-24,54
SKU_C,2024-03-25,57
SKU_C,2024-03-26,49
SKU_C,2024-03-27,48
SKU_C,2024-03-28,37
SKU_C,2024-03-29,43
SKU_C,2024-03-30,42
SKU_C,2024-03-31,43
SKU_C,2024-04-01,45
SKU_C,2024-04-02,44
SKU_C,2024-04-03,36
SKU_C,2024-04-04,50
SKU_C,2024-04-05,41
SKU_C,2024-04-06,48
SKU_C,2024-04-07,57
SKU_C,2024-04-08,42
SKU_C,2024-04-09,34
SKU_C,2024-04-10,45
SKU_C,2024-04-11,52
SKU_C,2024-04-12,57
SKU_C,2024-04-13,41
SKU_C,2024-04-14,50
SKU_C,2024-04-15,45
SKU_C,2024-04-16,47
SKU_C,2024-04-17,61
SKU_C,2024-04-18,40
SKU_C,2024-04-19,49
SKU_C,2024-04-20,50
SKU_C,2024-04-21,54
SKU_C,2024-04-22,49
SKU_C,2024-04-23,50
SKU_C,2024-04-24,47
SKU_C,2024-04-25,50
SKU_C,2024-04-26,47
SKU_C,2024-04-27,52
SKU_C,2024-04-28,47
SKU_C,2024-04-29,51
SKU_C,2024-04-30,49
SKU_C,2024-05-01,55
SKU_C,2024-05-02,49
SKU_C,2024-05-03,41
SKU_C,2024-05-04,56
SKU_C,2024-05-05,45
SKU_C,2024-05-06,47
SKU_C,2024-05-07,47
SKU_C,2024-05-08,57
SKU_C,2024-05-09,40
SKU_C,2024-05-10,66
SKU_C,2024-05-11,56
SKU_C,2024-05-12,52
SKU_C,2024-05-13,51
SKU_C,2024-05-14,52
SKU_C,2024-05-15,54
SKU_C,2024-05-16,55
SKU_C,2024-05-17,54
SKU_C,2024-05-18,52
SKU_C,2024-05-19,51
SKU_C,2024-05-20,51
SKU_C,2024-05-21,51
SKU_C,2024-05-22,58
SKU_C,2024-05-23,55
SKU_C,2024-05-24,38
SKU_C,2024-05-25,56
SKU_C,2024-05-26,53
SKU_C,2024-05-27,52
SKU_C,2024-05-28,51
SKU_C,2024-05-29,58
SKU_C,2024-05-30,58
SKU_C,2024-05-31,49
SKU_C,2024-06-01,55
SKU_C,2024-06-02,48
SKU_C,2024-06-03,46
SKU_C,2024-06-04,50
SKU_C,2024-06-05,58
SKU_C,2024-06-06,58
SKU_C,2024-06-07,56
SKU_C,2024-06-08,57
SKU_C,2024-06-09,56
SKU_C,2024-06-10,51
SKU_C,2024-06-11,56
SKU_C,2024-06-12,58
SKU_C,2024-06-13,58
SKU_C,2024-06-14,60
SKU_C,2024-06-15,58
SKU_C,2024-06-16,56
SKU_C,2024-06-17,60
SKU_C,2024-06-18,54
SKU_C,2024-06-19,50
SKU_C,2024-06-20,53
SKU_C,2024-06-21,51
SKU_C,2024-06-22,51
SKU_C,2024-06-23,54
SKU_C,2024-06-24,50
SKU_C,2024-06-25,53
SKU_C,2024-06-26,45
SKU_C,2024-06-27,56
SKU_C,2024-06-28,54
SKU_C,2024-06-29,50
SKU_C,2024-06-30,58
SKU_C,2024-07-01,59
SKU_C,2024-07-02,46
SKU_C,2024-07-03,51
SKU_C,2024-07-04,51
SKU_C,2024-07-05,50
SKU_C,2024-07-06,59
SKU_C,2024-07-07,53
SKU_C,2024-07-08,53
SKU_C,2024-07-09,44
SKU_C,2024-07-10,58
SKU_C,2024-07-11,48
SKU_C,2024-07-12,55
SKU_C,2024-07-13,56
SKU_C,2024-07-14,61
SKU_C,2024-07-15,48
SKU_C,2024-07-16,39
SKU_C,2024-07-17,55
SKU_C,2024-07-18,63
SKU_C,2024-07-19,60
SKU_C,2024-07-20,55
SKU_C,2024-07-21,51
SKU_C,2024-07-22,58
SKU_C,2024-07-23,49
SKU_C,2024-07-24,56
SKU_C,2024-07-25,56
SKU_C,2024-07-26,59
SKU_C,2024-07-27,67
SKU_C,2024-07-28,55
SKU_C,2024-07-29,51
SKU_C,2024-07-30,53
SKU_C,2024-07-31,44
SKU_C,2024-08-01,50
SKU_C,2024-08-02,51
SKU_C,2024-08-03,50
SKU_C,2024-08-04,54
SKU_C,2024-08-05,49
SKU_C,2024-08-06,58
SKU_C,2024-08-07,52
SKU_C,2024-08-08,52
SKU_C,2024-08-09,51
SKU_C,2024-08-10,53
SKU_C,2024-08-11,56
SKU_C,2024-08-12,48
SKU_C,2024-08-13,48
SKU_C,2024-08-14,50
SKU_C,2024-08-15,45
SKU_C,2024-08-16,47
SKU_C,2024-08-17,49
SKU_C,2024-08-18,56
SKU_C,2024-08-19,52
SKU_C,2024-08-20,52
SKU_C,2024-08-21,55
SKU_C,2024-08-22,50
SKU_C,2024-08-23,53
SKU_C,2024-08-24,50
SKU_C,2024-08-25,52
SKU_C,2024-08-26,47
SKU_C,2024-08-27,38
SKU_C,2024-08-28,49
SKU_C,2024-08-29,57
SKU_C,2024-08-30,54
SKU_C,2024-08-31,54
SKU_C,2024-09-01,56
SKU_C,2024-09-02,50
SKU_C,2024-09-03,50
SKU_C,2024-09-04,46
SKU_C,2024-09-05,47
SKU_C,2024-09-06,52
SKU_C,2024-09-07,55
SKU_C,2024-09-08,48
SKU_C,2024-09-09,46
SKU_C,2024-09-10,48
SKU_C,2024-09-11,51
SKU_C,2024-09-12,41
SKU_C,2024-09-13,36
SKU_C,2024-09-14,45
SKU_C,2024-09-15,42
SKU_C,2024-09-16,45
SKU_C,2024-09-17,47
SKU_C,2024-09-18,45
SKU_C,2024-09-19,54
SKU_C,2024-09-20,49
SKU_C,2024-09-21,48
SKU_C,2024-09-22,50
SKU_C,2024-09-23,41
SKU_C,2024-09-24,52
SKU_C,2024-09-25,46
SKU_C,2024-09-26,50
SKU_C,2024-09-27,41
SKU_C,2024-09-28,38
SKU_C,2024-09-29,50
SKU_C,2024-09-30,48
SKU_C,2024-10-01,41
SKU_C,2024-10-02,42
SKU_C,2024-10-03,51
SKU_C,2024-10-04,40
SKU_C,2024-10-05,54
SKU_C,2024-10-06,41
SKU_C,2024-10-07,49
SKU_C,2024-10-08,44
SKU_C,2024-10-09,48
SKU_C,2024-10-10,43
SKU_C,2024-10-11,44
SKU_C,2024-10-12,45
SKU_C,2024-10-13,40
SKU_C,2024-10-14,49
SKU_C,2024-10-15,42
SKU_C,2024-10-16,44
SKU_C,2024-10-17,40
SKU_C,2024-10-18,32
SKU_C,2024-10-19,44
SKU_C,2024-10-20,57
SKU_C,2024-10-21,49
SKU_C,2024-10-22,45
SKU_C,2024-10-23,43
SKU_C,2024-10-24,45
SKU_C,2024-10-25,47
SKU_C,2024-10-26,39
SKU_C,2024-10-27,50
SKU_C,2024-10-28,48
SKU_C,2024-10-29,48
SKU_C,2024-10-30,47
SKU_C,2024-10-31,45
SKU_C,2024-11-01,48
SKU_C,2024-11-02,47
SKU_C,2024-11-03,43
SKU_C,2024-11-04,42
SKU_C,2024-11-05,45
SKU_C,2024-11-06,52
SKU_C,2024-11-07,38
SKU_C,2024-11-08,37
SKU_C,2024-11-09,45
SKU_C,2024-11-10,45
SKU_C,2024-11-11,46
SKU_C,2024-11-12,46
SKU_C,2024-11-13,44
SKU_C,2024-11-14,52
SKU_C,2024-11-15,37
SKU_C,2024-11-16,41
SKU_C,2024-11-17,44
SKU_C,2024-11-18,37
SKU_C,2024-11-19,44
SKU_C,2024-11-20,53
SKU_C,2024-11-21,45
SKU_C,2024-11-22,46
SKU_C,2024-11-23,39
SKU_C,2024-11-24,42
SKU_C,2024-11-25,44
SKU_C,2024-11-26,44
SKU_C,2024-11-27,52
SKU_C,2024-11-28,49
SKU_C,2024-11-29,40
SKU_C,2024-11-30,47
SKU_C,2024-12-01,48
SKU_C,2024-12-02,52
SKU_C,2024-12-03,54
SKU_C,2024-12-04,41
SKU_C,2024-12-05,42
SKU_C,2024-12-06,40
SKU_C,2024-12-07,45
SKU_C,2024-12-08,49
SKU_C,2024-12-09,52
SKU_C,2024-12-10,47
SKU_C,2024-12-11,45
SKU_C,2024-12-12,48
SKU_C,2024-12-13,43
SKU_C,2024-12-14,58
SKU_C,2024-12-15,39
SKU_C,2024-12-16,49
SKU_C,2024-12-17,58
SKU_C,2024-12-18,48
SKU_C,2024-12-19,47
SKU_C,2024-12-20,46
SKU_C,2024-12-21,47
SKU_C,2024-12-22,55
SKU_C,2024-12-23,37
SKU_C,2024-12-24,56
SKU_C,2024-12-25,42
SKU_C,2024-12-26,48
SKU_C,2024-12-27,47
SKU_C,2024-12-28,52
SKU_C,2024-12-29,41
SKU_C,2024-12-30,52
SKU_C,2024-12-31,60
SKU_D,2023-01-01,8
SKU_D,2023-01-02,16
SKU_D,2023-01-03,11
SKU_D,2023-01-04,17
SKU_D,2023-01-05,15
SKU_D,2023-01-06,12
SKU_D,2023-01-07,18
SKU_D,2023-01-08,24
SKU_D,2023-01-09,15
SKU_D,2023-01-10,19
SKU_D,2023-01-11,9
SKU_D,2023-01-12,11
SKU_D,2023-01-13,18
SKU_D,2023-01-14,24
SKU_D,2023-01-15,18
SKU_D,2023-01-16,15
SKU_D,2023-01-17,17
SKU_D,2023-01-18,10
SKU_D,2023-01-19,20
SKU_D,2023-01-20,21
SKU_D,2023-01-21,15
SKU_D,2023-01-22,15
SKU_D,2023-01-23,19
SKU_D,2023-01-24,15
SKU_D,2023-01-25,17
SKU_D,2023-01-26,28
SKU_D,2023-01-27,16
SKU_D,2023-01-28,16
SKU_D,2023-01-29,15
SKU_D,2023-01-30,22
SKU_D,2023-01-31,17
SKU_D,2023-02-01,15
SKU_D,2023-02-02,25
SKU_D,2023-02-03,25
SKU_D,2023-02-04,15
SKU_D,2023-02-05,9
SKU_D,2023-02-06,24
SKU_D,2023-02-07,15
SKU_D,2023-02-08,23
SKU_D,2023-02-09,9
SKU_D,2023-02-10,23
SKU_D,2023-02-11,13
SKU_D,2023-02-12,23
SKU_D,2023-02-13,19
SKU_D,2023-02-14,14
SKU_D,2023-02-15,17
SKU_D,2023-02-16,23
SKU_D,2023-02-17,20
SKU_D,2023-02-18,22
SKU_D,2023-02-19,29
SKU_D,2023-02-20,11
SKU_D,2023-02-21,27
SKU_D,2023-02-22,20
SKU_D,2023-02-23,15
SKU_D,2023-02-24,13
SKU_D,2023-02-25,18
SKU_D,2023-02-26,24
SKU_D,2023-02-27,19
SKU_D,2023-02-28,27
SKU_D,2023-03-01,12
SKU_D,2023-03-02,19
SKU_D,2023-03-03,13
SKU_D,2023-03-04,21
SKU_D,2023-03-05,24
SKU_D,2023-03-06,17
SKU_D,2023-03-07,6
SKU_D,2023-03-08,20
SKU_D,2023-03-09,22
SKU_D,2023-03-10,21
SKU_D,2023-03-11,26
SKU_D,2023-03-12,14
SKU_D,2023-03-13,23
SKU_D,2023-03-14,25
SKU_D,2023-03-15,10
SKU_D,2023-03-16,21
SKU_D,2023-03-17,17
SKU_D,2023-03-18,19
SKU_D,2023-03-19,21
SKU_D,2023-03-20,17
SKU_D,2023-03-21,16
SKU_D,2023-03-22,19
SKU_D,2023-03-23,13
SKU_D,2023-03-24,13
SKU_D,2023-03-25,22
SKU_D,2023-03-26,13
SKU_D,2023-03-27,22
SKU_D,2023-03-28,21
SKU_D,2023-03-29,10
SKU_D,2023-03-30,15
SKU_D,2023-03-31,24
SKU_D,2023-04-01,13
SKU_D,2023-04-02,16
SKU_D,2023-04-03,20
SKU_D,2023-04-04,22
SKU_D,2023-04-05,17
SKU_D,2023-04-06,15
SKU_D,2023-04-07,25
SKU_D,2023-04-08,26
SKU_D,2023-04-09,22
SKU_D,2023-04-10,18
SKU_D,2023-04-11,13
SKU_D,2023-04-12,13
SKU_D,2023-04-13,20
SKU_D,2023-04-14,19
SKU_D,2023-04-15,24
SKU_D,2023-04-16,20
SKU_D,2023-04-17,9
SKU_D,2023-04-18,22
SKU_D,2023-04-19,11
SKU_D,2023-04-20,14
SKU_D,2023-04-21,17
SKU_D,2023-04-22,26
SKU_D,2023-04-23,31
SKU_D,2023-04-24,19
SKU_D,2023-04-25,15
SKU_D,2023-04-26,18
SKU_D,2023-04-27,20
SKU_D,2023-04-28,13
SKU_D,2023-04-29,24
SKU_D,2023-04-30,16
SKU_D,2023-05-01,17
SKU_D,2023-05-02,18
SKU_D,2023-05-03,17
SKU_D,2023-05-04,19
SKU_D,2023-05-05,11
SKU_D,2023-05-06,11
SKU_D,2023-05-07,8
SKU_D,2023-05-08,16
SKU_D,2023-05-09,18
SKU_D,2023-05-10,16
SKU_D,2023-05-11,22
SKU_D,2023-05-12,13
SKU_D,2023-05-13,17
SKU_D,2023-05-14,8
SKU_D,2023-05-15,11
SKU_D,2023-05-16,16
SKU_D,2023-05-17,17
SKU_D,2023-05-18,11
SKU_D,2023-05-19,12
SKU_D,2023-05-20,5
SKU_D,2023-05-21,10
SKU_D,2023-05-22,17
SKU_D,2023-05-23,15
SKU_D,2023-05-24,14
SKU_D,2023-05-25,12
SKU_D,2023-05-26,12
SKU_D,2023-05-27,8
SKU_D,2023-05-28,15
SKU_D,2023-05-29,13
SKU_D,2023-05-30,14
SKU_D,2023-05-31,9
SKU_D,2023-06-01,0
SKU_D,2023-06-02,16
SKU_D,2023-06-03,8
SKU_D,2023-06-04,6
SKU_D,2023-06-05,14
SKU_D,2023-06-06,9
SKU_D,2023-06-07,16
SKU_D,2023-06-08,14
SKU_D,2023-06-09,14
SKU_D,2023-06-10,3
SKU_D,2023-06-11,16
SKU_D,2023-06-12,11
SKU_D,2023-06-13,8
SKU_D,2023-06-14,11
SKU_D,2023-06-15,1
SKU_D,2023-06-16,12
SKU_D,2023-06-17,5
SKU_D,2023-06-18,3
SKU_D,2023-06-19,2
SKU_D,2023-06-20,15
SKU_D,2023-06-21,7
SKU_D,2023-06-22,17
SKU_D,2023-06-23,7
SKU_D,2023-06-24,1
SKU_D,2023-06-25,4
SKU_D,2023-06-26,16
SKU_D,2023-06-27,9
SKU_D,2023-06-28,7
SKU_D,2023-06-29,10
SKU_D,2023-06-30,12
SKU_D,2023-07-01,15
SKU_D,2023-07-02,17
SKU_D,2023-07-03,8
SKU_D,2023-07-04,3
SKU_D,2023-07-05,7
SKU_D,2023-07-06,11
SKU_D,2023-07-07,5
SKU_D,2023-07-08,5
SKU_D,2023-07-09,11
SKU_D,2023-07-10,9
SKU_D,2023-07-11,10
SKU_D,2023-07-12,6
SKU_D,2023-07-13,9
SKU_D,2023-07-14,5
SKU_D,2023-07-15,14
SKU_D,2023-07-16,15
SKU_D,2023-07-17,1
SKU_D,2023-07-18,5
SKU_D,2023-07-19,2
SKU_D,2023-07-20,7
SKU_D,2023-07-21,10
SKU_D,2023-07-22,3
SKU_D,2023-07-23,6
SKU_D,2023-07-24,5
SKU_D,2023-07-25,11
SKU_D,2023-07-26,11
SKU_D,2023-07-27,7
SKU_D,2023-07-28,11
SKU_D,2023-07-29,8
SKU_D,2023-07-30,9
SKU_D,2023-07-31,19
SKU_D,2023-08-01,18
SKU_D,2023-08-02,4
SKU_D,2023-08-03,15
SKU_D,2023-08-04,15
SKU_D,2023-08-05,6
SKU_D,2023-08-06,15
SKU_D,2023-08-07,19
SKU_D,2023-08-08,6
SKU_D,2023-08-09,7
SKU_D,2023-08-10,17
SKU_D,2023-08-11,13
SKU_D,2023-08-12,15
SKU_D,2023-08-13,14
SKU_D,2023-08-14,14
SKU_D,2023-08-15,6
SKU_D,2023-08-16,18
SKU_D,2023-08-17,18
SKU_D,2023-08-18,12
SKU_D,2023-08-19,13
SKU_D,2023-08-20,5
SKU_D,2023-08-21,16
SKU_D,2023-08-22,16
SKU_D,2023-08-23,13
SKU_D,2023-08-24,19
SKU_D,2023-08-25,12
SKU_D,2023-08-26,17
SKU_D,2023-08-27,9
SKU_D,2023-08-28,14
SKU_D,2023-08-29,13
SKU_D,2023-08-30,15
SKU_D,2023-08-31,12
SKU_D,2023-09-01,14
SKU_D,2023-09-02,19
SKU_D,2023-09-03,13
SKU_D,2023-09-04,7
SKU_D,2023-09-05,24
SKU_D,2023-09-06,22
SKU_D,2023-09-07,9
SKU_D,2023-09-08,19
SKU_D,2023-09-09,13
SKU_D,2023-09-10,17
SKU_D,2023-09-11,17
SKU_D,2023-09-12,15
SKU_D,2023-09-13,12
SKU_D,2023-09-14,13
SKU_D,2023-09-15,12
SKU_D,2023-09-16,12
SKU_D,2023-09-17,16
SKU_D,2023-09-18,13
SKU_D,2023-09-19,20
SKU_D,2023-09-20,24
SKU_D,2023-09-21,14
SKU_D,2023-09-22,18
SKU_D,2023-09-23,20
SKU_D,2023-09-24,20
SKU_D,2023-09-25,18
SKU_D,2023-09-26,21
SKU_D,2023-09-27,20
SKU_D,2023-09-28,11
SKU_D,2023-09-29,22
SKU_D,2023-09-30,22
SKU_D,2023-10-01,14
SKU_D,2023-10-02,18
SKU_D,2023-10-03,22
SKU_D,2023-10-04,17
SKU_D,2023-10-05,24
SKU_D,2023-10-06,30
SKU_D,2023-10-07,15
SKU_D,2023-10-08,12
SKU_D,2023-10-09,20
SKU_D,2023-10-10,22
SKU_D,2023-10-11,18
SKU_D,2023-10-12,26
SKU_D,2023-10-13,12
SKU_D,2023-10-14,22
SKU_D,2023-10-15,16
SKU_D,2023-10-16,28
SKU_D,2023-10-17,29
SKU_D,2023-10-18,15
SKU_D,2023-10-19,16
SKU_D,2023-10-20,24
SKU_D,2023-10-21,17
SKU_D,2023-10-22,19
SKU_D,2023-10-23,19
SKU_D,2023-10-24,10
SKU_D,2023-10-25,19
SKU_D,2023-10-26,16
SKU_D,2023-10-27,17
SKU_D,2023-10-28,27
SKU_D,2023-10-29,13
SKU_D,2023-10-30,24
SKU_D,2023-10-31,18
SKU_D,2023-11-01,18
SKU_D,2023-11-02,23
SKU_D,2023-11-03,21
SKU_D,2023-11-04,22
SKU_D,2023-11-05,24
SKU_D,2023-11-06,18
SKU_D,2023-11-07,16
SKU_D,2023-11-08,14
SKU_D,2023-11-09,15
SKU_D,2023-11-10,34
SKU_D,2023-11-11,26
SKU_D,2023-11-12,13
SKU_D,2023-11-13,13
SKU_D,2023-11-14,22
SKU_D,2023-11-15,22
SKU_D,2023-11-16,22
SKU_D,2023-11-17,18
SKU_D,2023-11-18,18
SKU_D,2023-11-19,21
SKU_D,2023-11-20,19
SKU_D,2023-11-21,8
SKU_D,2023-11-22,18
SKU_D,2023-11-23,14
SKU_D,2023-11-24,20
SKU_D,2023-11-25,34
SKU_D,2023-11-26,20
SKU_D,2023-11-27,17
SKU_D,2023-11-28,23
SKU_D,2023-11-29,21
SKU_D,2023-11-30,20
SKU_D,2023-12-01,21
SKU_D,2023-12-02,28
SKU_D,2023-12-03,12
SKU_D,2023-12-04,20
SKU_D,2023-12-05,13
SKU_D,2023-12-06,20
SKU_D,2023-12-07,13
SKU_D,2023-12-08,15
SKU_D,2023-12-09,16
SKU_D,2023-12-10,22
SKU_D,2023-12-11,22
SKU_D,2023-12-12,11
SKU_D,2023-12-13,17
SKU_D,2023-12-14,13
SKU_D,2023-12-15,10
SKU_D,2023-12-16,15
SKU_D,2023-12-17,15
SKU_D,2023-12-18,28
SKU_D,2023-12-19,18
SKU_D,2023-12-20,9
SKU_D,2023-12-21,13
SKU_D,2023-12-22,21
SKU_D,2023-12-23,26
SKU_D,2023-12-24,8
SKU_D,2023-12-25,6
SKU_D,2023-12-26,25
SKU_D,2023-12-27,17
SKU_D,2023-12-28,11
SKU_D,2023-12-29,18
SKU_D,2023-12-30,2
SKU_D,2023-12-31,15
SKU_D,2024-01-01,16
SKU_D,2024-01-02,19
SKU_D,2024-01-03,9
SKU_D,2024-01-04,15
SKU_D,2024-01-05,9
SKU_D,2024-01-06,15
SKU_D,2024-01-07,9
SKU_D,2024-01-08,12
SKU_D,2024-01-09,8
SKU_D,2024-01-10,17
SKU_D,2024-01-11,18
SKU_D,2024-01-12,12
SKU_D,2024-01-13,13
SKU_D,2024-01-14,6
SKU_D,2024-01-15,11
SKU_D,2024-01-16,12
SKU_D,2024-01-17,26
SKU_D,2024-01-18,7
SKU_D,2024-01-19,20
SKU_D,2024-01-20,17
SKU_D,2024-01-21,13
SKU_D,2024-01-22,21
SKU_D,2024-01-23,14
SKU_D,2024-01-24,14
SKU_D,2024-01-25,11
SKU_D,2024-01-26,18
SKU_D,2024-01-27,17
SKU_D,2024-01-28,8
SKU_D,2024-01-29,5
SKU_D,2024-01-30,10
SKU_D,2024-01-31,7
SKU_D,2024-02-01,11
SKU_D,2024-02-02,17
SKU_D,2024-02-03,8
SKU_D,2024-02-04,10
SKU_D,2024-02-05,11
SKU_D,2024-02-06,15
SKU_D,2024-02-07,0
SKU_D,2024-02-08,7
SKU_D,2024-02-09,11
SKU_D,2024-02-10,16
SKU_D,2024-02-11,8
SKU_D,2024-02-12,1
SKU_D,2024-02-13,13
SKU_D,2024-02-14,7
SKU_D,2024-02-15,4
SKU_D,2024-02-16,7
SKU_D,2024-02-17,9
SKU_D,2024-02-18,7
SKU_D,2024-02-19,0
SKU_D,2024-02-20,14
SKU_D,2024-02-21,16
SKU_D,2024-02-22,13
SKU_D,2024-02-23,4
SKU_D,2024-02-24,9
SKU_D,2024-02-25,10
SKU_D,2024-02-26,13
SKU_D,2024-02-27,13
SKU_D,2024-02-28,6
SKU_D,2024-02-29,10
SKU_D,2024-03-01,12
SKU_D,2024-03-02,17
SKU_D,2024-03-03,13
SKU_D,2024-03-04,13
SKU_D,2024-03-05,10
SKU_D,2024-03-06,17
SKU_D,2024-03-07,12
SKU_D,2024-03-08,5
SKU_D,2024-03-09,17
SKU_D,2024-03-10,13
SKU_D,2024-03-11,7
SKU_D,2024-03-12,7
SKU_D,2024-03-13,11
SKU_D,2024-03-14,12
SKU_D,2024-03-15,11
SKU_D,2024-03-16,11
SKU_D,2024-03-17,18
SKU_D,2024-03-18,15
SKU_D,2024-03-19,11
SKU_D,2024-03-20,15
SKU_D,2024-03-21,5
SKU_D,2024-03-22,12
SKU_D,2024-03-23,19
SKU_D,2024-03-24,9
SKU_D,2024-03-25,6
SKU_D,2024-03-26,7
SKU_D,2024-03-27,5
SKU_D,2024-03-28,7
SKU_D,2024-03-29,9
SKU_D,2024-03-30,4
SKU_D,2024-03-31,11
SKU_D,2024-04-01,15
SKU_D,2024-04-02,6
SKU_D,2024-04-03,19
SKU_D,2024-04-04,14
SKU_D,2024-04-05,16
SKU_D,2024-04-06,8
SKU_D,2024-04-07,16
SKU_D,2024-04-08,6
SKU_D,2024-04-09,16
SKU_D,2024-04-10,13
SKU_D,2024-04-11,15
SKU_D,2024-04-12,6
SKU_D,2024-04-13,8
SKU_D,2024-04-14,15
SKU_D,2024-04-15,8
SKU_D,2024-04-16,15
SKU_D,2024-04-17,6
SKU_D,2024-04-18,17
SKU_D,2024-04-19,7
SKU_D,2024-04-20,16
SKU_D,2024-04-21,16
SKU_D,2024-04-22,10
SKU_D,2024-04-23,16
SKU_D,2024-04-24,15
SKU_D,2024-04-25,11
SKU_D,2024-04-26,9
SKU_D,2024-04-27,4
SKU_D,2024-04-28,16
SKU_D,2024-04-29,6
SKU_D,2024-04-30,15
SKU_D,2024-05-01,13
SKU_D,2024-05-02,18
SKU_D,2024-05-03,13
SKU_D,2024-05-04,13
SKU_D,2024-05-05,19
SKU_D,2024-05-06,17
SKU_D,2024-05-07,17
SKU_D,2024-05-08,18
SKU_D,2024-05-09,8
SKU_D,2024-05-10,19
SKU_D,2024-05-11,19
SKU_D,2024-05-12,11
SKU_D,2024-05-13,15
SKU_D,2024-05-14,16
SKU_D,2024-05-15,16
SKU_D,2024-05-16,18
SKU_D,2024-05-17,24
SKU_D,2024-05-18,22
SKU_D,2024-05-19,10
SKU_D,2024-05-20,20
SKU_D,2024-05-21,24
SKU_D,2024-05-22,19
SKU_D,2024-05-23,23
SKU_D,2024-05-24,27
SKU_D,2024-05-25,22
SKU_D,2024-05-26,19
SKU_D,2024-05-27,23
SKU_D,2024-05-28,18
SKU_D,2024-05-29,18
SKU_D,2024-05-30,16
SKU_D,2024-05-31,26
SKU_D,2024-06-01,14
SKU_D,2024-06-02,26
SKU_D,2024-06-03,21
SKU_D,2024-06-04,11
SKU_D,2024-06-05,20
SKU_D,2024-06-06,8
SKU_D,2024-06-07,22
SKU_D,2024-06-08,23
SKU_D,2024-06-09,16
SKU_D,2024-06-10,19
SKU_D,2024-06-11,29
SKU_D,2024-06-12,16
SKU_D,2024-06-13,14
SKU_D,2024-06-14,26
SKU_D,2024-06-15,29
SKU_D,2024-06-16,19
SKU_D,2024-06-17,24
SKU_D,2024-06-18,26
SKU_D,2024-06-19,16
SKU_D,2024-06-20,17
SKU_D,2024-06-21,25
SKU_D,2024-06-22,28
SKU_D,2024-06-23,22
SKU_D,2024-06-24,15
SKU_D,2024-06-25,29
SKU_D,2024-06-26,17
SKU_D,2024-06-27,18
SKU_D,2024-06-28,21
SKU_D,2024-06-29,27
SKU_D,2024-06-30,24
SKU_D,2024-07-01,22
SKU_D,2024-07-02,22
SKU_D,2024-07-03,20
SKU_D,2024-07-04,22
SKU_D,2024-07-05,7
SKU_D,2024-07-06,18
SKU_D,2024-07-07,21
SKU_D,2024-07-08,14
SKU_D,2024-07-09,21
SKU_D,2024-07-10,18
SKU_D,2024-07-11,28
SKU_D,2024-07-12,27
SKU_D,2024-07-13,17
SKU_D,2024-07-14,18
SKU_D,2024-07-15,19
SKU_D,2024-07-16,17
SKU_D,2024-07-17,20
SKU_D,2024-07-18,15
SKU_D,2024-07-19,13
SKU_D,2024-07-20,22
SKU_D,2024-07-21,22
SKU_D,2024-07-22,15
SKU_D,2024-07-23,23
SKU_D,2024-07-24,16
SKU_D,2024-07-25,20
SKU_D,2024-07-26,23
SKU_D,2024-07-27,18
SKU_D,2024-07-28,21
SKU_D,2024-07-29,16
SKU_D,2024-07-30,17
SKU_D,2024-07-31,17
SKU_D,2024-08-01,14
SKU_D,2024-08-02,17
SKU_D,2024-08-03,10
SKU_D,2024-08-04,15
SKU_D,2024-08-05,16
SKU_D,2024-08-06,16
SKU_D,2024-08-07,16
SKU_D,2024-08-08,17
SKU_D,2024-08-09,20
SKU_D,2024-08-10,21
SKU_D,2024-08-11,14
SKU_D,2024-08-12,11
SKU_D,2024-08-13,12
SKU_D,2024-08-14,14
SKU_D,2024-08-15,15
SKU_D,2024-08-16,13
SKU_D,2024-08-17,10
SKU_D,2024-08-18,14
SKU_D,2024-08-19,17
SKU_D,2024-08-20,19
SKU_D,2024-08-21,13
SKU_D,2024-08-22,14
SKU_D,2024-08-23,11
SKU_D,2024-08-24,15
SKU_D,2024-08-25,11
SKU_D,2024-08-26,18
SKU_D,2024-08-27,6
SKU_D,2024-08-28,13
SKU_D,2024-08-29,16
SKU_D,2024-08-30,16
SKU_D,2024-08-31,28
SKU_D,2024-09-01,16
SKU_D,2024-09-02,9
SKU_D,2024-09-03,14
SKU_D,2024-09-04,5
SKU_D,2024-09-05,13
SKU_D,2024-09-06,10
SKU_D,2024-09-07,18
SKU_D,2024-09-08,11
SKU_D,2024-09-09,13
SKU_D,2024-09-10,10
SKU_D,2024-09-11,22
SKU_D,2024-09-12,11
SKU_D,2024-09-13,22
SKU_D,2024-09-14,17
SKU_D,2024-09-15,15
SKU_D,2024-09-16,14
SKU_D,2024-09-17,14
SKU_D,2024-09-18,3
SKU_D,2024-09-19,11
SKU_D,2024-09-20,16
SKU_D,2024-09-21,12
SKU_D,2024-09-22,5
SKU_D,2024-09-23,11
SKU_D,2024-09-24,20
SKU_D,2024-09-25,18
SKU_D,2024-09-26,11
SKU_D,2024-09-27,16
SKU_D,2024-09-28,9
SKU_D,2024-09-29,3
SKU_D,2024-09-30,6
SKU_D,2024-10-01,19
SKU_D,2024-10-02,9
SKU_D,2024-10-03,10
SKU_D,2024-10-04,9
SKU_D,2024-10-05,20
SKU_D,2024-10-06,19
SKU_D,2024-10-07,22
SKU_D,2024-10-08,10
SKU_D,2024-10-09,12
SKU_D,2024-10-10,3
SKU_D,2024-10-11,18
SKU_D,2024-10-12,4
SKU_D,2024-10-13,11
SKU_D,2024-10-14,4
SKU_D,2024-10-15,7
SKU_D,2024-10-16,6
SKU_D,2024-10-17,7
SKU_D,2024-10-18,7
SKU_D,2024-10-19,7
SKU_D,2024-10-20,14
SKU_D,2024-10-21,4
SKU_D,2024-10-22,11
SKU_D,2024-10-23,16
SKU_D,2024-10-24,7
SKU_D,2024-10-25,6
SKU_D,2024-10-26,8
SKU_D,2024-10-27,15
SKU_D,2024-10-28,10
SKU_D,2024-10-29,7
SKU_D,2024-10-30,12
SKU_D,2024-10-31,4
SKU_D,2024-11-01,13
SKU_D,2024-11-02,12
SKU_D,2024-11-03,8
SKU_D,2024-11-04,5
SKU_D,2024-11-05,5
SKU_D,2024-11-06,12
SKU_D,2024-11-07,16
SKU_D,2024-11-08,6
SKU_D,2024-11-09,12
SKU_D,2024-11-10,0
SKU_D,2024-11-11,7
SKU_D,2024-11-12,10
SKU_D,2024-11-13,5
SKU_D,2024-11-14,5
SKU_D,2024-11-15,7
SKU_D,2024-11-16,11
SKU_D,2024-11-17,9
SKU_D,2024-11-18,0
SKU_D,2024-11-19,0
SKU_D,2024-11-20,7
SKU_D,2024-11-21,12
SKU_D,2024-11-22,0
SKU_D,2024-11-23,8
SKU_D,2024-11-24,8
SKU_D,2024-11-25,17
SKU_D,2024-11-26,9
SKU_D,2024-11-27,13
SKU_D,2024-11-28,11
SKU_D,2024-11-29,0
SKU_D,2024-11-30,15
SKU_D,2024-12-01,12
SKU_D,2024-12-02,14
SKU_D,2024-12-03,31
SKU_D,2024-12-04,1
SKU_D,2024-12-05,20
SKU_D,2024-12-06,10
SKU_D,2024-12-07,13
SKU_D,2024-12-08,11
SKU_D,2024-12-09,10
SKU_D,2024-12-10,9
SKU_D,2024-12-11,14
SKU_D,2024-12-12,5
SKU_D,2024-12-13,16
SKU_D,2024-12-14,10
SKU_D,2024-12-15,7
SKU_D,2024-12-16,10
SKU_D,2024-12-17,19
SKU_D,2024-12-18,10
SKU_D,2024-12-19,15
SKU_D,2024-12-20,9
SKU_D,2024-12-21,17
SKU_D,2024-12-22,17
SKU_D,2024-12-23,23
SKU_D,2024-12-24,13
SKU_D,2024-12-25,17
SKU_D,2024-12-26,14
SKU_D,2024-12-27,20
SKU_D,2024-12-28,11
SKU_D,2024-12-29,18
SKU_D,2024-12-30,13
SKU_D,2024-12-31,14
